2007.10.26,00:00,1452.5,1469.5,1452.5,1466.5,201
2007.10.29,00:00,1466.5,1474.9,1455.0,1466.4,398
2007.10.30,00:00,1466.4,1466.4,1436.0,1439.5,340
2007.10.31,00:00,1439.5,1454.9,1434.0,1454.9,265
2007.11.01,00:00,1454.9,1462.0,1446.0,1456.5,305
2007.11.02,00:00,1456.5,1468.0,1441.0,1465.0,456
2007.11.05,00:00,1465.0,1475.0,1456.0,1466.0,371
2007.11.06,00:00,1466.0,1486.5,1465.5,1483.5,246
2007.11.07,00:00,1483.5,1498.7,1454.0,1465.0,710
2007.11.08,00:00,1465.0,1474.9,1458.5,1465.5,324
2007.11.09,00:00,1465.5,1470.0,1424.0,1426.0,526
2007.11.12,00:00,1426.0,1439.9,1384.0,1391.0,769
2007.11.13,00:00,1391.0,1427.0,1391.0,1417.9,452
2007.11.14,00:00,1417.9,1448.0,1412.0,1442.5,475
2007.11.15,00:00,1442.5,1446.0,1420.2,1427.0,362
2007.11.16,00:00,1427.0,1454.9,1421.7,1446.2,473
2007.11.19,00:00,1446.2,1462.0,1438.0,1452.5,418
2007.11.20,00:00,1452.5,1472.0,1438.0,1472.0,486
2007.11.21,00:00,1472.0,1476.0,1454.0,1470.2,423
2007.11.23,00:00,1470.2,1487.0,1465.0,1479.0,353
2007.11.26,00:00,1479.0,1490.0,1465.0,1474.9,460
2007.11.27,00:00,1474.9,1478.5,1441.0,1453.5,537
2007.11.28,00:00,1453.5,1455.0,1417.0,1436.2,588
2007.11.29,00:00,1436.2,1449.0,1434.0,1435.5,294
2007.11.30,00:00,1435.5,1445.0,1435.0,1436.7,189
2007.12.03,00:00,1436.7,1462.5,1436.0,1460.5,293
2007.12.04,00:00,1460.5,1473.9,1458.2,1471.0,210
2007.12.05,00:00,1471.0,1478.0,1461.0,1463.0,261
2007.12.06,00:00,1463.0,1472.0,1454.5,1472.0,261
2007.12.07,00:00,1472.0,1473.9,1454.7,1461.5,280
2007.12.10,00:00,1461.5,1469.0,1458.2,1465.0,182
2007.12.11,00:00,1465.0,1470.9,1462.5,1464.0,159
2007.12.12,00:00,1464.0,1482.7,1464.0,1476.0,255
2007.12.13,00:00,1476.0,1484.0,1466.0,1472.0,321
2007.12.14,00:00,1472.0,1482.0,1456.0,1479.0,451
2007.12.17,00:00,1479.0,1504.0,1471.0,1502.0,431
2007.12.18,00:00,1502.0,1526.4,1485.0,1514.0,709
2007.12.19,00:00,1514.0,1529.5,1508.9,1529.5,258
2007.12.20,00:00,1529.5,1529.5,1510.0,1524.0,336
2007.12.21,00:00,1524.0,1540.0,1514.0,1532.9,432
2007.12.24,00:00,1532.9,1532.9,1518.0,1518.0,150
2007.12.26,00:00,1518.0,1545.9,1517.5,1545.9,290
2007.12.27,00:00,1545.9,1545.9,1527.0,1532.0,240
2007.12.28,00:00,1532.0,1542.0,1522.9,1540.0,303
2007.12.31,00:00,1540.0,1542.9,1514.0,1528.9,468
2008.01.02,00:00,1528.9,1552.0,1525.4,1548.0,342
2008.01.03,00:00,1548.0,1558.9,1532.0,1554.9,470
2008.01.04,00:00,1554.9,1562.0,1541.5,1544.0,302
2008.01.07,00:00,1544.0,1545.0,1522.2,1530.0,317
2008.01.08,00:00,1530.0,1563.9,1530.0,1563.9,340
2008.01.09,00:00,1563.9,1569.5,1550.0,1557.5,327
2008.01.10,00:00,1557.5,1566.0,1535.0,1562.0,576
2008.01.11,00:00,1562.0,1574.7,1556.2,1569.4,297
2008.01.14,00:00,1569.4,1597.4,1565.2,1584.7,492
2008.01.15,00:00,1584.7,1588.0,1570.0,1570.0,214
2008.01.16,00:00,1570.0,1579.2,1556.5,1564.0,395
2008.01.17,00:00,1564.0,1571.0,1554.0,1562.0,321
2008.01.18,00:00,1562.0,1567.0,1547.0,1558.5,366
2008.01.22,00:00,1558.5,1567.9,1506.0,1550.2,1156
2008.01.23,00:00,1550.2,1561.4,1542.0,1553.7,354
2008.01.24,00:00,1553.7,1617.9,1553.7,1610.0,722
2008.01.25,00:00,1610.0,1694.9,1606.0,1682.0,1059
2008.01.28,00:00,1682.0,1733.0,1658.0,1717.0,1151
2008.01.29,00:00,1717.0,1734.9,1672.5,1715.0,1229
2008.01.30,00:00,1715.0,1715.0,1682.0,1695.5,466
2008.01.31,00:00,1695.5,1744.4,1686.0,1731.2,812
2008.02.01,00:00,1731.2,1775.5,1722.0,1762.0,763
2008.02.04,00:00,1762.0,1803.7,1756.0,1791.0,665
2008.02.05,00:00,1791.0,1815.0,1752.0,1768.0,1031
2008.02.06,00:00,1768.0,1820.0,1768.0,1814.2,579
2008.02.07,00:00,1814.2,1855.0,1810.0,1841.5,628
2008.02.08,00:00,1841.5,1892.9,1837.0,1892.9,605
2008.02.11,00:00,1892.9,1949.0,1889.2,1938.0,746
2008.02.12,00:00,1938.0,1970.9,1906.0,1914.0,1059
2008.02.13,00:00,1914.0,2001.4,1880.0,1976.0,1809
2008.02.14,00:00,1976.0,2031.0,1974.0,2015.0,751
2008.02.15,00:00,2015.0,2110.0,1987.0,2110.0,1511
2008.02.19,00:00,2110.0,2174.0,2056.0,2161.0,1851
2008.02.20,00:00,2161.0,2163.0,2062.0,2137.3,1784
2008.02.21,00:00,2137.3,2194.8,2131.0,2174.0,910
2008.02.22,00:00,2174.0,2214.5,2131.0,2168.5,1616
2008.02.25,00:00,2168.5,2175.0,2136.0,2150.1,597
2008.02.26,00:00,2150.1,2158.0,2091.0,2153.9,1303
2008.02.27,00:00,2153.9,2175.0,2117.0,2135.9,981
2008.02.28,00:00,2135.9,2160.0,2092.0,2149.9,1221
2008.02.29,00:00,2149.9,2185.0,2110.0,2164.0,1360
2008.03.03,00:00,2164.0,2245.0,2154.0,2238.9,1072
2008.03.04,00:00,2238.9,2308.8,2218.0,2230.0,1728
2008.03.05,00:00,2230.0,2286.0,2138.0,2258.3,2678
2008.03.06,00:00,2258.3,2281.4,2151.0,2164.0,1666
2008.03.07,00:00,2164.0,2184.9,2005.0,2030.0,2259
2008.03.10,00:00,2030.0,2089.9,1925.5,2021.2,3201
2008.03.11,00:00,2021.2,2072.0,1979.9,2055.5,1500
2008.03.12,00:00,2055.5,2072.9,2008.0,2064.0,1214
2008.03.13,00:00,2064.0,2128.5,2060.0,2095.5,1056
2008.03.14,00:00,2095.5,2113.8,2064.9,2079.9,823
2008.03.17,00:00,2079.9,2119.9,1940.0,1960.0,2400
2008.03.18,00:00,1960.0,2022.0,1943.0,1950.0,1481
2008.03.19,00:00,1950.0,1973.0,1877.0,1895.0,1371
2008.03.20,00:00,1895.0,1904.5,1802.2,1852.0,1617
2008.03.24,00:00,1852.0,1890.0,1831.0,1879.2,909
2008.03.25,00:00,1879.2,1996.2,1868.0,1996.2,1395
2008.03.26,00:00,1996.2,2025.0,1965.0,2010.0,1063
2008.03.27,00:00,2010.0,2063.5,1996.0,2050.0,951
2008.03.28,00:00,2050.0,2059.9,1991.7,2025.0,1115
2008.03.31,00:00,2025.0,2052.5,2000.0,2005.0,851
2008.04.01,00:00,2005.0,2013.0,1887.0,1923.0,1701
2008.04.02,00:00,1923.0,1969.9,1921.0,1964.0,569
2008.04.03,00:00,1964.0,2017.0,1960.0,1994.0,841
2008.04.04,00:00,1994.0,2035.0,1982.0,2028.0,721
2008.04.07,00:00,2028.0,2049.9,2018.0,2042.4,495
2008.04.08,00:00,2042.4,2048.8,2007.0,2025.0,663
2008.04.09,00:00,2025.0,2048.0,1986.0,2029.5,1196
2008.04.10,00:00,2029.5,2051.0,2016.0,2026.5,671
2008.04.11,00:00,2026.5,2035.0,2004.5,2010.0,446
2008.04.14,00:00,2010.0,2010.0,1950.0,1978.0,881
2008.04.15,00:00,1978.0,2019.0,1969.0,1981.2,969
2008.04.16,00:00,1981.2,2044.5,1962.5,2025.2,1201
2008.04.17,00:00,2025.2,2079.8,2025.2,2056.0,785
2008.04.18,00:00,2056.0,2084.0,2010.0,2065.0,1391
2008.04.21,00:00,2065.0,2065.0,2007.5,2017.7,678
2008.04.22,00:00,2017.7,2037.7,1972.0,2028.5,1207
2008.04.23,00:00,2028.5,2044.9,1993.0,2001.0,764
2008.04.24,00:00,2001.0,2015.0,1960.0,1960.0,691
2008.04.25,00:00,1960.0,1976.9,1923.5,1965.0,1019
2008.04.28,00:00,1965.0,1982.7,1965.0,1979.7,208
2008.04.29,00:00,1979.7,1979.7,1925.0,1925.0,548
2008.04.30,00:00,1925.0,1942.4,1914.5,1930.0,509
2008.05.01,00:00,1930.0,1950.0,1863.0,1872.0,1161
2008.05.02,00:00,1872.0,1910.0,1835.0,1905.2,1169
2008.05.05,00:00,1905.2,1934.7,1891.0,1927.5,652
2008.05.06,00:00,1927.5,1975.0,1924.2,1963.0,662
2008.05.07,00:00,1963.0,1970.0,1930.0,1963.0,801
2008.05.08,00:00,1963.0,2045.0,1956.0,2027.5,1136
2008.05.09,00:00,2027.5,2110.0,2019.5,2084.9,1237
2008.05.12,00:00,2084.9,2130.0,2041.0,2110.0,1530
2008.05.13,00:00,2110.0,2111.0,2041.5,2053.0,821
2008.05.14,00:00,2053.0,2072.0,2010.2,2037.0,1077
2008.05.15,00:00,2037.0,2093.0,2001.0,2089.8,1313
2008.05.16,00:00,2089.8,2160.0,2070.0,2120.5,1494
2008.05.19,00:00,2120.5,2188.0,2120.5,2157.5,981
2008.05.20,00:00,2157.5,2170.0,2122.1,2146.3,847
2008.05.21,00:00,2146.3,2224.0,2136.5,2194.3,1271
2008.05.22,00:00,2194.3,2234.9,2160.1,2160.1,1155
2008.05.23,00:00,2160.1,2190.0,2154.0,2168.0,642
2008.05.27,00:00,2168.0,2195.9,2115.0,2115.4,1093
2008.05.28,00:00,2115.4,2116.0,2028.0,2078.0,1387
2008.05.29,00:00,2078.0,2084.9,1980.5,1990.2,1211
2008.05.30,00:00,1990.2,2020.9,1956.9,2013.5,1048
2008.06.02,00:00,2013.5,2029.9,1985.0,2003.7,801
2008.06.03,00:00,2003.7,2047.7,1972.0,2009.7,1455
2008.06.04,00:00,2009.7,2009.7,1985.0,1991.5,313
2008.06.05,00:00,1991.5,2015.0,1966.0,1996.2,934
2008.06.06,00:00,1996.2,2095.0,1996.0,2070.0,1243
2008.06.09,00:00,2070.0,2097.6,2040.0,2064.6,1099
2008.06.10,00:00,2064.6,2064.8,1987.4,1994.2,845
2008.06.11,00:00,1994.2,2044.9,1991.0,2044.9,572
2008.06.12,00:00,2044.9,2047.9,1996.7,2020.0,776
2008.06.13,00:00,2020.0,2043.0,2020.0,2037.5,286
2008.06.16,00:00,2037.5,2054.0,2025.0,2050.0,456
2008.06.17,00:00,2050.0,2074.9,2034.5,2068.6,623
2008.06.18,00:00,2068.6,2125.0,2068.6,2092.1,894
2008.06.19,00:00,2092.1,2101.9,2046.0,2047.7,675
2008.06.20,00:00,2047.7,2075.0,2046.0,2075.0,308
2008.06.23,00:00,2075.0,2079.0,2040.0,2055.0,581
2008.06.24,00:00,2055.0,2060.5,2020.0,2020.0,461
2008.06.25,00:00,2020.0,2035.9,2001.0,2021.0,689
2008.06.26,00:00,2021.0,2087.9,2021.0,2069.8,851
2008.06.27,00:00,2069.8,2087.0,2050.0,2069.9,740
2008.06.30,00:00,2069.9,2093.5,2055.0,2070.5,765
2008.07.01,00:00,2070.5,2089.9,2070.5,2084.0,254
2008.07.02,00:00,2084.0,2096.5,2070.0,2075.5,446
2008.07.03,00:00,2075.5,2087.8,2024.4,2024.4,758
2008.07.07,00:00,2024.4,2024.4,1972.5,1983.7,632
2008.07.08,00:00,1983.7,2015.0,1937.0,1952.5,1249
2008.07.09,00:00,1952.5,1983.0,1950.0,1972.2,464
2008.07.10,00:00,1972.2,2018.7,1972.2,2018.7,466
2008.07.11,00:00,2018.7,2058.0,2018.7,2049.9,475
2008.07.14,00:00,2049.9,2059.9,2012.0,2029.9,759
2008.07.15,00:00,2029.9,2039.9,1978.0,1985.0,790
2008.07.16,00:00,1985.0,1985.0,1921.0,1929.9,730
2008.07.17,00:00,1929.9,1959.9,1886.0,1886.0,1040
2008.07.18,00:00,1886.0,1890.0,1845.0,1855.2,593
2008.07.21,00:00,1855.2,1884.9,1842.7,1848.0,773
2008.07.22,00:00,1848.0,1894.7,1805.2,1819.0,1501
2008.07.23,00:00,1819.0,1839.9,1740.0,1753.0,1339
2008.07.24,00:00,1753.0,1753.0,1711.0,1722.0,531
2008.07.25,00:00,1722.0,1769.9,1715.0,1762.5,694
2008.07.28,00:00,1762.5,1788.7,1743.4,1781.2,720
2008.07.29,00:00,1781.2,1786.0,1735.0,1745.5,664
2008.07.30,00:00,1745.5,1770.0,1726.0,1742.5,851
2008.07.31,00:00,1742.5,1771.0,1742.5,1754.0,456
2008.08.01,00:00,1754.0,1759.0,1620.0,1665.5,1896
2008.08.04,00:00,1665.5,1665.5,1560.0,1564.0,1096
2008.08.05,00:00,1564.0,1592.5,1530.2,1580.0,1087
2008.08.06,00:00,1580.0,1643.0,1571.0,1610.0,1141
2008.08.07,00:00,1610.0,1621.5,1580.0,1585.5,586
2008.08.08,00:00,1585.5,1591.0,1541.0,1563.0,776
2008.08.11,00:00,1563.0,1583.0,1523.0,1523.0,801
2008.08.12,00:00,1523.0,1523.0,1475.0,1480.0,531
2008.08.13,00:00,1480.0,1529.0,1480.0,1519.9,582
2008.08.14,00:00,1519.9,1549.7,1481.0,1491.0,1086
2008.08.15,00:00,1491.0,1491.0,1345.0,1390.5,1916
2008.08.18,00:00,1390.5,1450.0,1375.5,1391.5,1481
2008.08.19,00:00,1391.5,1391.5,1307.0,1363.0,1406
2008.08.20,00:00,1363.0,1387.9,1352.5,1376.9,570
2008.08.21,00:00,1376.9,1469.9,1362.0,1456.2,1366
2008.08.22,00:00,1456.2,1486.5,1415.7,1441.5,1270
2008.08.25,00:00,1441.5,1444.0,1405.2,1433.0,692
2008.08.26,00:00,1433.0,1452.9,1411.0,1429.7,806
2008.08.27,00:00,1429.7,1450.9,1429.7,1448.0,242
2008.08.28,00:00,1448.0,1499.9,1441.2,1476.0,895
2008.08.29,00:00,1476.0,1496.0,1465.0,1490.0,481
2008.09.02,00:00,1490.0,1499.7,1375.2,1405.0,1641
2008.09.03,00:00,1405.0,1421.9,1371.0,1383.0,799
2008.09.04,00:00,1383.0,1443.0,1328.0,1400.0,2131
2008.09.05,00:00,1400.0,1400.0,1361.0,1365.0,431
2008.09.08,00:00,1365.0,1398.2,1343.5,1345.0,895
2008.09.09,00:00,1345.0,1345.0,1232.0,1237.0,1181
2008.09.10,00:00,1237.0,1239.9,1179.2,1187.7,722
2008.09.11,00:00,1187.7,1199.9,1121.0,1156.0,1262
2008.09.12,00:00,1156.0,1219.0,1151.0,1219.0,731
2008.09.15,00:00,1219.0,1229.9,1152.0,1175.0,1119
2008.09.16,00:00,1175.0,1175.0,1056.0,1070.0,1331
2008.09.17,00:00,1070.0,1137.5,1066.0,1132.0,811
2008.09.18,00:00,1132.0,1195.0,1091.0,1115.0,1911
2008.09.19,00:00,1115.0,1169.5,1072.0,1159.9,1502
2008.09.22,00:00,1159.9,1267.7,1145.0,1255.7,1497
2008.09.23,00:00,1255.7,1270.0,1204.0,1224.9,1013
2008.09.24,00:00,1224.9,1252.9,1175.0,1222.0,1530
2008.09.25,00:00,1222.0,1225.0,1191.0,1205.0,511
2008.09.26,00:00,1205.0,1210.5,1110.0,1130.0,1261
2008.09.29,00:00,1130.0,1143.7,1077.2,1100.0,1031
2008.09.30,00:00,1100.0,1100.0,1000.1,1028.0,1279
2008.10.01,00:00,1028.0,1064.9,1014.7,1042.0,865
2008.10.02,00:00,1042.0,1055.0,977.0,992.8,1069
2008.10.03,00:00,992.8,992.8,956.2,973.8,543
2008.10.06,00:00,973.8,1018.7,940.0,989.0,1423
2008.10.07,00:00,989.0,1031.2,976.7,1024.0,741
2008.10.08,00:00,1024.0,1027.0,961.1,1012.0,1199
2008.10.09,00:00,1012.0,1049.9,998.5,1043.0,719
2008.10.10,00:00,1043.0,1043.0,977.0,985.0,741
2008.10.13,00:00,985.0,1018.7,985.0,1009.8,427
2008.10.14,00:00,1009.8,1062.0,1009.8,1045.7,686
2008.10.15,00:00,1045.7,1046.0,971.1,971.2,754
2008.10.16,00:00,971.2,982.0,852.0,899.8,1887
2008.10.17,00:00,899.8,928.6,860.6,883.0,1193
2008.10.20,00:00,883.0,939.8,875.0,915.0,977
2008.10.21,00:00,915.0,928.3,881.5,909.0,877
2008.10.22,00:00,909.0,919.8,838.7,857.2,1105
2008.10.23,00:00,857.2,858.8,789.7,821.0,1021
2008.10.24,00:00,821.0,838.6,768.1,810.0,1301
2008.10.27,00:00,810.0,829.0,752.1,790.0,1339
2008.10.28,00:00,790.0,845.0,783.1,830.0,839
2008.10.29,00:00,830.0,835.0,773.2,819.5,1132
2008.10.30,00:00,819.5,893.7,819.5,832.0,1360
2008.10.31,00:00,832.0,837.7,785.1,831.0,1043
2008.11.03,00:00,831.0,857.8,821.2,831.8,725
2008.11.04,00:00,831.8,862.7,803.7,862.7,872
2008.11.05,00:00,862.7,896.0,846.1,871.1,915
2008.11.06,00:00,871.1,879.8,833.2,844.0,662
2008.11.07,00:00,844.0,878.0,813.5,864.7,1084
2008.11.10,00:00,864.7,891.0,851.2,854.5,695
2008.11.11,00:00,854.5,857.7,821.7,827.0,446
2008.11.12,00:00,827.0,854.0,815.0,819.0,701
2008.11.13,00:00,819.0,844.8,792.5,844.0,797
2008.11.14,00:00,844.0,859.0,839.7,841.1,358
2008.11.17,00:00,841.1,874.5,814.1,820.0,998
2008.11.18,00:00,820.0,847.7,819.6,847.7,286
2008.11.19,00:00,847.7,862.0,819.7,819.7,567
2008.11.20,00:00,819.7,824.8,777.0,778.0,540
2008.11.21,00:00,778.0,831.8,772.0,826.1,716
2008.11.24,00:00,826.1,879.0,821.1,878.3,637
2008.11.25,00:00,878.3,881.8,855.0,863.7,391
2008.11.26,00:00,863.7,882.8,858.0,869.7,437
2008.11.28,00:00,869.7,889.8,855.3,881.8,570
2008.12.01,00:00,881.8,888.1,801.8,803.5,944
2008.12.02,00:00,803.5,828.7,788.0,810.7,743
2008.12.03,00:00,810.7,851.8,794.7,815.0,1100
2008.12.04,00:00,815.0,815.8,795.0,799.5,262
2008.12.05,00:00,799.5,810.8,783.0,790.2,464
2008.12.08,00:00,790.2,852.0,790.2,834.0,799
2008.12.09,00:00,834.0,846.0,808.0,811.3,534
2008.12.10,00:00,811.3,847.5,811.3,842.0,418
2008.12.11,00:00,842.0,854.0,830.5,839.2,443
2008.12.12,00:00,839.2,841.2,805.2,827.8,607
2008.12.15,00:00,827.8,853.0,827.8,840.0,383
2008.12.16,00:00,840.0,867.3,830.1,864.0,505
2008.12.17,00:00,864.0,878.3,851.2,863.0,533
2008.12.18,00:00,863.0,889.8,856.7,864.0,653
2008.12.19,00:00,864.0,868.0,850.1,858.0,299
2008.12.22,00:00,858.0,872.0,854.8,861.8,307
2008.12.23,00:00,861.8,865.8,846.1,850.2,279
2008.12.24,00:00,850.2,865.5,846.1,864.0,251
2008.12.26,00:00,864.0,899.8,864.0,897.8,379
2008.12.29,00:00,897.8,942.8,897.8,925.1,628
2008.12.30,00:00,925.1,925.1,900.7,921.7,455
2008.12.31,00:00,921.7,950.0,906.5,940.0,688
2009.01.02,00:00,940.0,955.7,932.0,941.1,464
2009.01.05,00:00,941.1,960.0,926.1,958.0,510
2009.01.06,00:00,958.0,977.0,939.2,970.0,637
2009.01.07,00:00,970.0,1011.6,969.5,982.8,715
2009.01.08,00:00,982.8,1008.1,976.1,1000.0,469
2009.01.09,00:00,1000.0,1010.0,979.5,1009.8,513
2009.01.12,00:00,1009.8,1009.8,955.0,965.0,649
2009.01.13,00:00,965.0,970.0,928.0,947.0,661
2009.01.14,00:00,947.0,974.8,931.1,938.5,790
2009.01.15,00:00,938.5,944.8,908.0,934.8,700
2009.01.16,00:00,934.8,956.7,934.0,954.0,263
2009.01.20,00:00,954.0,975.8,941.5,949.1,638
2009.01.21,00:00,949.1,954.7,917.0,933.0,594
2009.01.22,00:00,933.0,940.5,928.5,935.0,221
2009.01.23,00:00,935.0,965.2,921.1,961.0,623
2009.01.26,00:00,961.0,978.7,953.2,965.2,469
2009.01.27,00:00,965.2,974.0,936.6,955.1,648
2009.01.28,00:00,955.1,974.8,941.1,961.2,614
2009.01.29,00:00,961.2,983.7,947.1,982.6,519
2009.01.30,00:00,982.6,996.0,965.7,996.0,473
2009.02.02,00:00,996.0,998.0,967.6,971.7,366
2009.02.03,00:00,971.7,979.8,956.7,969.2,438
2009.02.04,00:00,969.2,977.7,962.0,973.7,270
2009.02.05,00:00,973.7,996.3,967.7,989.0,420
2009.02.06,00:00,989.0,1014.8,973.0,1001.0,717
2009.02.09,00:00,1001.0,1003.5,980.0,991.5,376
2009.02.10,00:00,991.5,1047.7,991.5,1040.0,640
2009.02.11,00:00,1040.0,1085.0,1040.0,1071.0,591
2009.02.12,00:00,1071.0,1095.7,1057.0,1071.0,775
2009.02.13,00:00,1071.0,1076.2,1056.5,1065.0,335
2009.02.17,00:00,1065.0,1105.2,1058.0,1099.0,605
2009.02.18,00:00,1099.0,1119.9,1089.9,1105.0,541
2009.02.19,00:00,1105.0,1113.7,1066.0,1077.5,680
2009.02.20,00:00,1077.5,1099.5,1064.0,1091.0,576
2009.02.23,00:00,1091.0,1091.0,1072.0,1079.5,266
2009.02.24,00:00,1079.5,1096.0,1037.0,1046.0,846
2009.02.25,00:00,1046.0,1070.0,1038.5,1055.0,541
2009.02.26,00:00,1055.0,1066.0,1045.0,1053.9,410
2009.02.27,00:00,1053.9,1089.0,1043.5,1078.7,663
2009.03.02,00:00,1078.7,1100.0,1061.0,1062.0,614
2009.03.03,00:00,1062.0,1071.4,1030.5,1040.0,599
2009.03.04,00:00,1040.0,1054.9,1033.5,1054.9,280
2009.03.05,00:00,1054.9,1073.5,1051.7,1073.5,251
2009.03.06,00:00,1073.5,1082.5,1061.5,1079.7,359
2009.03.09,00:00,1079.7,1084.7,1056.0,1060.0,378
2009.03.10,00:00,1060.0,1062.2,1037.0,1043.7,342
2009.03.11,00:00,1043.7,1063.2,1036.5,1056.0,412
2009.03.12,00:00,1056.0,1069.4,1046.0,1057.7,452
2009.03.13,00:00,1057.7,1068.0,1053.0,1063.5,243
2009.03.16,00:00,1063.5,1073.9,1046.0,1064.0,554
2009.03.17,00:00,1064.0,1068.0,1046.5,1053.0,321
2009.03.18,00:00,1053.0,1064.7,1037.0,1063.9,446
2009.03.19,00:00,1063.9,1134.9,1053.0,1134.9,929
2009.03.20,00:00,1134.9,1134.9,1103.7,1121.5,491
2009.03.23,00:00,1121.5,1152.5,1108.0,1152.5,581
2009.03.24,00:00,1152.5,1152.5,1116.2,1122.7,429
2009.03.25,00:00,1122.7,1136.7,1121.9,1130.9,215
2009.03.26,00:00,1130.9,1172.0,1130.9,1153.0,602
2009.03.27,00:00,1153.0,1161.7,1135.0,1144.7,452
2009.03.30,00:00,1144.7,1146.5,1120.0,1121.0,294
2009.03.31,00:00,1121.0,1139.5,1121.0,1129.9,282
2009.04.01,00:00,1129.9,1148.0,1125.0,1143.9,321
2009.04.02,00:00,1143.9,1168.0,1136.0,1165.0,430
2009.04.03,00:00,1165.0,1173.9,1146.0,1156.0,469
2009.04.06,00:00,1156.0,1165.0,1146.0,1152.5,346
2009.04.07,00:00,1152.5,1180.0,1152.5,1175.0,326
2009.04.08,00:00,1175.0,1194.9,1160.0,1177.7,672
2009.04.09,00:00,1177.7,1220.0,1177.0,1209.0,548
2009.04.13,00:00,1209.0,1252.0,1209.0,1250.7,444
2009.04.14,00:00,1250.7,1251.0,1211.0,1213.0,424
2009.04.15,00:00,1213.0,1236.7,1213.0,1227.9,326
2009.04.16,00:00,1227.9,1237.9,1204.0,1210.2,502
2009.04.17,00:00,1210.2,1219.2,1206.4,1210.5,254
2009.04.20,00:00,1210.5,1215.0,1156.5,1167.0,736
2009.04.21,00:00,1167.0,1176.7,1152.5,1162.0,435
2009.04.22,00:00,1162.0,1184.9,1154.7,1171.2,513
2009.04.23,00:00,1171.2,1189.0,1166.2,1182.0,349
2009.04.24,00:00,1182.0,1193.9,1176.0,1185.0,329
2009.04.27,00:00,1185.0,1191.5,1142.0,1152.0,661
2009.04.28,00:00,1152.0,1152.0,1071.0,1103.0,1131
2009.04.29,00:00,1103.0,1109.5,1086.0,1099.9,440
2009.04.30,00:00,1099.9,1119.0,1094.0,1105.5,445
2009.05.01,00:00,1105.5,1113.7,1075.0,1098.0,700
2009.05.04,00:00,1098.0,1127.7,1091.0,1125.5,460
2009.05.05,00:00,1125.5,1143.9,1119.0,1136.0,394
2009.05.06,00:00,1136.0,1145.4,1128.0,1145.4,255
2009.05.07,00:00,1145.4,1176.2,1145.2,1154.9,526
2009.05.08,00:00,1154.9,1160.9,1141.0,1154.7,397
2009.05.11,00:00,1154.7,1159.5,1117.0,1122.9,533
2009.05.12,00:00,1122.9,1140.5,1120.7,1139.7,229
2009.05.13,00:00,1139.7,1149.5,1115.0,1119.5,489
2009.05.14,00:00,1119.5,1128.0,1101.0,1120.5,531
2009.05.15,00:00,1120.5,1135.9,1106.2,1115.0,540
2009.05.18,00:00,1115.0,1139.9,1107.0,1139.9,410
2009.05.19,00:00,1139.9,1150.0,1132.5,1146.5,285
2009.05.20,00:00,1146.5,1162.4,1138.0,1149.2,462
2009.05.21,00:00,1149.2,1164.9,1140.0,1153.0,461
2009.05.22,00:00,1153.0,1168.0,1148.0,1164.0,291
2009.05.26,00:00,1164.0,1165.0,1128.0,1138.0,481
2009.05.27,00:00,1138.0,1148.4,1132.2,1140.0,305
2009.05.28,00:00,1140.0,1150.0,1129.5,1146.9,342
2009.05.29,00:00,1146.9,1204.0,1146.9,1197.2,640
2009.06.01,00:00,1197.2,1231.4,1185.0,1216.9,732
2009.06.02,00:00,1216.9,1254.7,1210.5,1252.0,534
2009.06.03,00:00,1252.0,1260.0,1235.7,1239.2,359
2009.06.04,00:00,1239.2,1301.9,1235.7,1294.4,773
2009.06.05,00:00,1294.4,1299.5,1259.9,1270.0,549
2009.06.08,00:00,1270.0,1278.4,1225.7,1247.0,825
2009.06.09,00:00,1247.0,1259.2,1222.2,1253.5,676
2009.06.10,00:00,1253.5,1274.7,1253.2,1272.4,242
2009.06.11,00:00,1272.4,1277.9,1255.7,1270.0,421
2009.06.12,00:00,1270.0,1276.4,1237.5,1255.0,629
2009.06.15,00:00,1255.0,1255.9,1206.0,1213.0,579
2009.06.16,00:00,1213.0,1234.4,1206.2,1222.7,468
2009.06.17,00:00,1222.7,1228.9,1195.5,1206.0,502
2009.06.18,00:00,1206.0,1209.2,1206.0,1209.2,33
2009.06.19,00:00,1209.2,1219.2,1206.2,1219.2,161
2009.06.22,00:00,1219.2,1219.2,1171.0,1180.0,573
2009.06.23,00:00,1180.0,1181.0,1163.0,1176.0,321
2009.06.24,00:00,1176.0,1184.9,1169.0,1170.9,268
2009.06.25,00:00,1170.9,1202.4,1167.5,1199.0,418
2009.06.26,00:00,1199.0,1218.4,1199.0,1208.0,299
2009.06.29,00:00,1208.0,1208.0,1188.0,1193.5,256
2009.06.30,00:00,1193.5,1208.9,1171.5,1190.4,718
2009.07.01,00:00,1190.4,1209.9,1176.0,1205.0,533
2009.07.02,00:00,1205.0,1205.0,1186.0,1186.2,193
2009.07.06,00:00,1186.2,1186.2,1145.0,1148.9,452
2009.07.07,00:00,1148.9,1162.2,1132.0,1138.5,501
2009.07.08,00:00,1138.5,1138.5,1094.4,1104.5,543
2009.07.09,00:00,1104.5,1117.0,1093.2,1113.0,392
2009.07.10,00:00,1113.0,1117.9,1091.0,1105.0,459
2009.07.13,00:00,1105.0,1124.9,1092.0,1113.9,570
2009.07.14,00:00,1113.9,1136.5,1112.0,1128.0,350
2009.07.15,00:00,1128.0,1164.9,1128.0,1161.5,404
2009.07.16,00:00,1161.5,1179.5,1156.0,1166.0,426
2009.07.17,00:00,1166.0,1179.4,1163.0,1176.7,222
2009.07.20,00:00,1176.7,1192.9,1176.4,1184.2,256
2009.07.21,00:00,1184.2,1194.9,1171.0,1174.5,382
2009.07.22,00:00,1174.5,1184.9,1161.5,1176.4,450
2009.07.23,00:00,1176.4,1191.0,1171.5,1181.9,336
2009.07.24,00:00,1181.9,1195.5,1172.5,1193.7,343
2009.07.27,00:00,1193.7,1228.0,1188.5,1224.0,488
2009.07.28,00:00,1224.0,1226.5,1192.0,1200.2,453
2009.07.29,00:00,1200.2,1209.5,1164.4,1179.4,695
2009.07.30,00:00,1179.4,1193.7,1165.0,1190.0,469
2009.07.31,00:00,1190.0,1215.9,1184.0,1215.9,380
2009.08.03,00:00,1215.9,1245.9,1208.5,1242.5,483
2009.08.04,00:00,1242.5,1279.9,1226.2,1275.4,746
2009.08.05,00:00,1275.4,1296.2,1261.5,1291.0,539
2009.08.06,00:00,1291.0,1293.0,1256.0,1269.7,528
2009.08.07,00:00,1269.7,1271.0,1236.2,1266.5,665
2009.08.10,00:00,1266.5,1266.5,1243.0,1254.7,353
2009.08.11,00:00,1254.7,1261.5,1238.7,1244.9,359
2009.08.12,00:00,1244.9,1252.0,1226.0,1245.7,513
2009.08.13,00:00,1245.7,1275.0,1245.7,1274.0,304
2009.08.14,00:00,1274.0,1280.0,1258.0,1265.0,351
2009.08.17,00:00,1265.0,1265.0,1215.2,1225.9,606
2009.08.18,00:00,1225.9,1243.0,1220.0,1232.5,395
2009.08.19,00:00,1232.5,1246.0,1220.0,1245.4,392
2009.08.20,00:00,1245.4,1256.2,1236.5,1242.9,370
2009.08.21,00:00,1242.9,1260.0,1230.5,1256.0,460
2009.08.24,00:00,1256.0,1266.0,1240.0,1240.0,361
2009.08.25,00:00,1240.0,1252.7,1237.5,1243.0,275
2009.08.26,00:00,1243.0,1256.0,1234.0,1234.5,356
2009.08.27,00:00,1234.5,1246.9,1228.0,1244.0,284
2009.08.28,00:00,1244.0,1253.4,1235.0,1247.9,330
2009.08.31,00:00,1247.9,1251.4,1237.2,1241.0,216
2009.09.01,00:00,1241.0,1260.0,1225.0,1231.5,606
2009.09.02,00:00,1231.5,1233.0,1205.2,1231.5,557
2009.09.03,00:00,1231.5,1256.0,1228.5,1255.2,314
2009.09.04,00:00,1255.2,1270.0,1241.0,1260.0,533
2009.09.08,00:00,1260.0,1293.0,1255.2,1287.0,487
2009.09.09,00:00,1287.0,1300.5,1278.0,1286.0,441
2009.09.10,00:00,1286.0,1292.5,1276.0,1289.0,301
2009.09.11,00:00,1289.0,1328.0,1278.9,1322.7,646
2009.09.14,00:00,1322.7,1324.0,1299.7,1319.9,459
2009.09.15,00:00,1319.9,1333.5,1303.9,1329.0,502
2009.09.16,00:00,1329.0,1353.5,1324.5,1349.5,376
2009.09.17,00:00,1349.5,1356.2,1336.0,1342.0,330
2009.09.18,00:00,1342.0,1347.0,1330.0,1338.2,303
2009.09.21,00:00,1338.2,1338.2,1311.5,1324.4,397
2009.09.22,00:00,1324.4,1341.9,1321.9,1339.2,253
2009.09.23,00:00,1339.2,1344.2,1321.0,1330.0,373
2009.09.24,00:00,1330.0,1337.2,1304.2,1306.0,421
2009.09.25,00:00,1306.0,1312.0,1275.0,1287.5,556
2009.09.28,00:00,1287.5,1294.0,1276.0,1280.7,293
2009.09.29,00:00,1280.7,1287.5,1271.0,1276.2,286
2009.09.30,00:00,1276.2,1308.5,1275.7,1305.9,360
2009.10.01,00:00,1305.9,1306.0,1281.2,1284.2,280
2009.10.02,00:00,1284.2,1288.5,1266.4,1284.0,441
2009.10.05,00:00,1284.0,1304.4,1280.2,1303.4,291
2009.10.06,00:00,1303.4,1329.0,1298.4,1319.5,452
2009.10.07,00:00,1319.5,1348.0,1319.0,1335.7,419
2009.10.08,00:00,1335.7,1358.7,1326.7,1350.0,498
2009.10.09,00:00,1350.0,1350.4,1331.5,1344.7,326
2009.10.12,00:00,1344.7,1352.9,1336.0,1346.4,322
2009.10.13,00:00,1346.4,1370.0,1343.0,1362.5,380
2009.10.14,00:00,1362.5,1371.9,1353.7,1365.5,335
2009.10.15,00:00,1365.5,1371.0,1342.4,1358.5,503
2009.10.16,00:00,1358.5,1360.0,1341.0,1348.5,281
2009.10.19,00:00,1348.5,1366.5,1341.2,1365.9,333
2009.10.20,00:00,1365.9,1383.4,1351.0,1356.2,552
2009.10.21,00:00,1356.2,1377.7,1346.0,1369.7,500
2009.10.22,00:00,1369.7,1376.0,1360.0,1372.2,296
2009.10.23,00:00,1372.2,1381.4,1364.5,1369.0,307
2009.10.26,00:00,1369.0,1373.7,1334.0,1336.5,470
2009.10.27,00:00,1336.5,1344.0,1313.0,1322.7,483
2009.10.28,00:00,1322.7,1330.9,1305.0,1317.7,469
2009.10.29,00:00,1317.7,1343.0,1309.5,1340.0,448
2009.10.30,00:00,1340.0,1340.0,1318.4,1325.0,283
2009.11.02,00:00,1325.0,1345.0,1323.0,1341.2,279
2009.11.03,00:00,1341.2,1364.7,1325.0,1361.5,592
2009.11.04,00:00,1361.5,1379.7,1356.0,1372.0,370
2009.11.05,00:00,1372.0,1372.0,1352.5,1359.2,263
2009.11.06,00:00,1359.2,1369.2,1343.5,1349.0,413
2009.11.09,00:00,1349.0,1369.0,1349.0,1365.0,241
2009.11.10,00:00,1365.0,1368.0,1346.0,1354.0,331
2009.11.11,00:00,1354.0,1379.9,1354.0,1374.4,315
2009.11.12,00:00,1374.4,1386.0,1356.0,1357.7,434
2009.11.13,00:00,1357.7,1399.0,1352.0,1393.7,581
2009.11.16,00:00,1393.7,1459.9,1393.7,1453.7,725
2009.11.17,00:00,1453.7,1464.5,1433.5,1463.0,528
2009.11.18,00:00,1463.0,1471.7,1442.5,1444.7,402
2009.11.19,00:00,1444.7,1455.9,1423.5,1445.9,637
2009.11.20,00:00,1445.9,1452.4,1426.0,1445.5,525
2009.11.23,00:00,1445.5,1480.0,1445.5,1462.0,526
2009.11.24,00:00,1462.0,1467.7,1440.7,1451.0,431
2009.11.25,00:00,1451.0,1482.0,1445.5,1479.0,451
2009.11.27,00:00,1479.0,1487.9,1426.0,1453.9,988
2009.11.30,00:00,1453.9,1464.5,1440.0,1458.2,448
2009.12.01,00:00,1458.2,1494.9,1454.5,1494.9,442
2009.12.02,00:00,1494.9,1514.7,1486.5,1508.0,434
2009.12.03,00:00,1508.0,1513.0,1486.0,1486.0,321
2009.12.04,00:00,1486.0,1497.4,1433.0,1458.9,1018
2009.12.07,00:00,1458.9,1458.9,1424.5,1443.7,537
2009.12.08,00:00,1443.7,1463.0,1411.9,1420.0,786
2009.12.09,00:00,1420.0,1439.7,1407.4,1424.0,607
2009.12.10,00:00,1424.0,1432.5,1414.0,1428.9,322
2009.12.11,00:00,1428.9,1452.2,1416.5,1432.0,684
2009.12.14,00:00,1432.0,1455.0,1421.2,1452.5,472
2009.12.15,00:00,1452.5,1456.4,1431.7,1452.5,495
2009.12.16,00:00,1452.5,1463.7,1441.4,1458.0,392
2009.12.17,00:00,1458.0,1464.0,1423.7,1427.0,497
2009.12.18,00:00,1427.0,1444.5,1420.7,1439.2,355
2009.12.21,00:00,1439.2,1443.5,1424.2,1427.0,265
2009.12.22,00:00,1427.0,1432.0,1387.7,1401.2,629
2009.12.23,00:00,1401.2,1434.7,1396.0,1429.9,488
2009.12.24,00:00,1429.9,1479.9,1427.4,1479.9,551
2009.12.28,00:00,1479.9,1498.7,1475.0,1493.0,344
2009.12.29,00:00,1493.0,1494.0,1471.0,1471.0,241
2009.12.30,00:00,1471.0,1482.9,1455.0,1464.0,489
2009.12.31,00:00,1464.0,1482.0,1463.0,1471.0,311
2010.01.04,00:00,1471.0,1533.7,1471.0,1533.0,635
2010.01.05,00:00,1533.0,1545.0,1520.0,1537.5,456
2010.01.06,00:00,1537.5,1569.2,1525.0,1560.0,660
2010.01.07,00:00,1560.0,1569.9,1543.2,1562.4,511
2010.01.08,00:00,1562.4,1584.0,1537.9,1580.0,747
2010.01.11,00:00,1580.0,1596.2,1567.2,1592.5,456
2010.01.12,00:00,1592.5,1627.5,1549.2,1575.0,1392
2010.01.13,00:00,1575.0,1592.9,1556.0,1578.5,704
2010.01.14,00:00,1578.5,1615.0,1576.0,1614.5,421
2010.01.15,00:00,1614.5,1621.7,1592.7,1596.2,398
2010.01.19,00:00,1596.2,1647.7,1596.2,1643.0,563
2010.01.20,00:00,1643.0,1654.0,1585.0,1624.0,1191
2010.01.21,00:00,1624.0,1634.5,1590.0,1592.2,573
2010.01.22,00:00,1592.2,1594.0,1521.0,1550.0,1039
2010.01.25,00:00,1550.0,1564.5,1531.0,1549.5,666
2010.01.26,00:00,1549.5,1563.5,1501.0,1537.0,1126
2010.01.27,00:00,1537.0,1537.0,1483.0,1505.0,761
2010.01.28,00:00,1505.0,1526.4,1486.0,1508.0,779
2010.01.29,00:00,1508.0,1524.5,1495.0,1505.0,561
2010.02.01,00:00,1505.0,1552.0,1502.5,1550.0,541
2010.02.02,00:00,1550.0,1584.5,1534.5,1579.0,711
2010.02.03,00:00,1579.0,1594.0,1567.2,1569.2,439
2010.02.04,00:00,1569.2,1573.2,1498.0,1505.0,863
2010.02.05,00:00,1505.0,1514.0,1452.0,1474.4,935
2010.02.08,00:00,1474.4,1493.7,1470.2,1477.5,440
2010.02.09,00:00,1477.5,1513.0,1473.5,1502.0,546
2010.02.10,00:00,1502.0,1528.2,1493.2,1509.5,626
2010.02.11,00:00,1509.5,1530.7,1496.0,1527.2,518
2010.02.12,00:00,1527.2,1531.0,1489.5,1517.9,738
2010.02.16,00:00,1517.9,1544.0,1509.0,1538.0,500
2010.02.17,00:00,1538.0,1555.7,1526.0,1530.0,515
2010.02.18,00:00,1530.0,1535.2,1504.7,1512.4,435
2010.02.19,00:00,1512.4,1546.0,1500.4,1543.9,598
2010.02.22,00:00,1543.9,1548.9,1518.0,1529.5,475
2010.02.23,00:00,1529.5,1547.5,1506.0,1516.9,705
2010.02.24,00:00,1516.9,1524.2,1496.7,1511.5,497
2010.02.25,00:00,1511.5,1536.0,1504.0,1534.9,407
2010.02.26,00:00,1534.9,1545.0,1521.5,1540.0,420
2010.03.01,00:00,1540.0,1565.5,1540.0,1551.0,401
2010.03.02,00:00,1551.0,1578.7,1545.0,1571.0,475
2010.03.03,00:00,1571.0,1589.0,1571.0,1579.5,276
2010.03.04,00:00,1579.5,1589.4,1566.7,1583.0,420
2010.03.05,00:00,1583.0,1587.5,1568.5,1579.9,350
2010.03.08,00:00,1579.9,1611.7,1573.0,1600.5,569
2010.03.09,00:00,1600.5,1600.5,1570.7,1594.0,532
2010.03.10,00:00,1594.0,1618.2,1579.7,1592.5,756
2010.03.11,00:00,1592.5,1616.0,1577.0,1612.7,579
2010.03.12,00:00,1612.7,1629.2,1600.9,1609.0,530
2010.03.15,00:00,1609.0,1626.0,1604.0,1623.2,299
2010.03.16,00:00,1623.2,1636.0,1618.5,1627.2,311
2010.03.17,00:00,1627.2,1644.5,1627.2,1630.9,310
2010.03.18,00:00,1630.9,1638.0,1624.7,1628.0,238
2010.03.19,00:00,1628.0,1629.5,1598.2,1609.5,442
2010.03.22,00:00,1609.5,1609.5,1575.0,1603.4,630
2010.03.23,00:00,1603.4,1616.0,1584.5,1616.0,505
2010.03.24,00:00,1616.0,1616.4,1583.0,1583.0,339
2010.03.25,00:00,1583.0,1614.4,1579.0,1601.0,529
2010.03.26,00:00,1601.0,1612.2,1597.0,1601.2,303
2010.03.29,00:00,1601.2,1634.9,1601.2,1630.0,387
2010.03.30,00:00,1630.0,1635.5,1617.5,1621.0,271
2010.03.31,00:00,1621.0,1655.2,1621.0,1647.0,425
2010.04.01,00:00,1647.0,1679.5,1645.2,1675.5,402
2010.04.05,00:00,1675.5,1710.5,1672.5,1707.5,441
2010.04.06,00:00,1707.5,1713.2,1681.5,1708.0,630
2010.04.07,00:00,1708.0,1729.7,1704.7,1707.5,496
2010.04.08,00:00,1707.5,1722.5,1699.0,1716.0,386
2010.04.09,00:00,1716.0,1731.5,1716.0,1731.5,156
2010.04.12,00:00,1731.5,1743.2,1725.0,1728.7,337
2010.04.13,00:00,1728.7,1728.7,1707.5,1719.4,332
2010.04.14,00:00,1719.4,1737.7,1719.4,1734.0,221
2010.04.15,00:00,1734.0,1738.5,1715.2,1726.2,389
2010.04.16,00:00,1726.2,1729.2,1687.5,1694.0,513
2010.04.19,00:00,1694.0,1702.9,1675.0,1698.2,517
2010.04.20,00:00,1698.2,1729.5,1695.5,1722.7,436
2010.04.21,00:00,1722.7,1749.0,1719.9,1735.0,460
2010.04.22,00:00,1735.0,1759.7,1723.7,1744.2,629
2010.04.23,00:00,1744.2,1748.7,1726.2,1747.0,423
2010.04.26,00:00,1747.0,1757.5,1739.4,1751.0,323
2010.04.27,00:00,1751.0,1758.9,1715.0,1720.0,569
2010.04.28,00:00,1720.0,1733.7,1704.5,1714.0,525
2010.04.29,00:00,1714.0,1739.4,1712.7,1734.5,330
2010.04.30,00:00,1734.5,1749.5,1733.5,1744.5,221
2010.05.03,00:00,1744.5,1746.2,1724.0,1727.0,270
2010.05.04,00:00,1727.0,1734.2,1669.0,1673.0,765
2010.05.05,00:00,1673.0,1689.9,1627.0,1652.9,1058
2010.05.06,00:00,1652.9,1688.0,1632.0,1655.7,1093
2010.05.07,00:00,1655.7,1672.0,1645.5,1672.0,368
2010.05.10,00:00,1672.0,1704.9,1665.5,1700.0,509
2010.05.11,00:00,1700.0,1710.9,1677.0,1707.7,602
2010.05.12,00:00,1707.7,1753.4,1695.5,1743.4,802
2010.05.13,00:00,1743.4,1746.7,1717.5,1738.0,531
2010.05.14,00:00,1738.0,1740.0,1705.0,1718.0,501
2010.05.17,00:00,1718.0,1727.0,1653.5,1671.0,1001
2010.05.18,00:00,1671.0,1699.4,1665.7,1673.4,651
2010.05.19,00:00,1673.4,1680.2,1585.5,1602.0,1181
2010.05.20,00:00,1602.0,1625.0,1490.2,1499.0,1667
2010.05.21,00:00,1499.0,1516.2,1446.2,1506.0,1331
2010.05.24,00:00,1506.0,1539.9,1491.0,1529.0,749
2010.05.25,00:00,1529.0,1532.0,1484.5,1524.5,906
2010.05.26,00:00,1524.5,1543.2,1511.9,1522.9,611
2010.05.27,00:00,1522.9,1567.0,1517.0,1562.9,601
2010.05.28,00:00,1562.9,1572.5,1541.0,1542.5,427
2010.06.01,00:00,1542.5,1574.9,1542.5,1548.9,585
2010.06.02,00:00,1548.9,1563.5,1536.0,1556.9,471
2010.06.03,00:00,1556.9,1568.0,1541.2,1546.0,428
2010.06.04,00:00,1546.0,1553.9,1509.5,1520.0,629
2010.06.07,00:00,1520.0,1520.0,1492.4,1515.0,503
2010.06.08,00:00,1515.0,1532.4,1511.5,1529.5,274
2010.06.09,00:00,1529.5,1542.0,1520.7,1525.0,382
2010.06.10,00:00,1525.0,1550.0,1521.0,1539.7,434
2010.06.11,00:00,1539.7,1551.9,1531.0,1538.9,411
2010.06.14,00:00,1538.9,1567.7,1538.9,1563.7,329
2010.06.15,00:00,1563.7,1580.0,1551.0,1575.9,459
2010.06.16,00:00,1575.9,1585.0,1566.0,1567.5,297
2010.06.17,00:00,1567.5,1579.5,1563.5,1577.9,217
2010.06.18,00:00,1577.9,1603.0,1562.5,1603.0,560
2010.06.21,00:00,1603.0,1617.9,1594.7,1603.0,465
2010.06.22,00:00,1603.0,1604.5,1578.5,1578.5,276
2010.06.23,00:00,1578.5,1594.2,1560.5,1577.7,667
2010.06.24,00:00,1577.7,1579.0,1548.2,1572.4,564
2010.06.25,00:00,1572.4,1586.0,1554.7,1579.7,554
2010.06.28,00:00,1579.7,1595.2,1568.0,1573.0,478
2010.06.29,00:00,1573.0,1574.2,1537.0,1542.2,437
2010.06.30,00:00,1542.2,1549.0,1526.7,1540.0,425
2010.07.01,00:00,1540.0,1540.0,1495.0,1508.9,590
2010.07.02,00:00,1508.9,1521.9,1492.5,1508.0,580
2010.07.06,00:00,1508.0,1530.7,1489.0,1516.4,751
2010.07.07,00:00,1516.4,1529.7,1499.0,1528.7,492
2010.07.08,00:00,1528.7,1538.9,1509.2,1525.9,567
2010.07.09,00:00,1525.9,1538.7,1525.2,1532.0,210
2010.07.12,00:00,1532.0,1539.9,1512.0,1515.0,389
2010.07.13,00:00,1515.0,1538.7,1510.0,1529.0,435
2010.07.14,00:00,1529.0,1541.0,1520.0,1529.0,421
2010.07.15,00:00,1529.0,1537.7,1520.0,1533.9,306
2010.07.16,00:00,1533.9,1538.0,1506.0,1510.0,402
2010.07.19,00:00,1510.0,1522.0,1499.2,1512.5,432
2010.07.20,00:00,1512.5,1524.0,1496.5,1520.0,476
2010.07.21,00:00,1520.0,1531.5,1506.0,1516.0,471
2010.07.22,00:00,1516.0,1534.9,1508.5,1531.2,377
2010.07.23,00:00,1531.2,1551.7,1525.2,1547.4,369
2010.07.26,00:00,1547.4,1559.7,1542.0,1550.4,325
2010.07.27,00:00,1550.4,1565.9,1532.5,1533.9,504
2010.07.28,00:00,1533.9,1547.5,1532.5,1544.2,198
2010.07.29,00:00,1544.2,1568.5,1540.7,1562.5,374
2010.07.30,00:00,1562.5,1579.0,1554.0,1576.7,359
2010.08.02,00:00,1576.7,1604.0,1574.0,1604.0,328
2010.08.03,00:00,1604.0,1607.5,1582.5,1582.7,288
2010.08.04,00:00,1582.7,1598.4,1581.7,1582.2,330
2010.08.05,00:00,1582.2,1591.0,1567.0,1576.5,424
2010.08.06,00:00,1576.5,1584.0,1565.0,1575.0,366
2010.08.09,00:00,1575.0,1578.7,1541.0,1549.5,500
2010.08.10,00:00,1549.5,1552.5,1526.0,1549.9,527
2010.08.11,00:00,1549.9,1554.9,1514.5,1519.5,505
2010.08.12,00:00,1519.5,1534.4,1507.0,1532.7,417
2010.08.13,00:00,1532.7,1541.9,1519.0,1525.5,387
2010.08.16,00:00,1525.5,1539.7,1523.5,1537.2,208
2010.08.17,00:00,1537.2,1549.7,1533.5,1542.2,275
2010.08.18,00:00,1542.2,1549.4,1522.2,1531.5,438
2010.08.19,00:00,1531.5,1545.0,1522.2,1530.2,444
2010.08.20,00:00,1530.2,1530.2,1508.7,1511.5,244
2010.08.23,00:00,1511.5,1518.9,1503.0,1510.5,309
2010.08.24,00:00,1510.5,1519.9,1491.0,1517.5,509
2010.08.25,00:00,1517.5,1533.0,1511.0,1533.0,286
2010.08.26,00:00,1533.0,1540.5,1525.5,1533.2,299
2010.08.27,00:00,1533.2,1537.4,1402.5,1402.5,1392
2010.08.30,00:00,1537.5,1538.7,1522.4,1524.0,192
2010.08.31,00:00,1524.0,1529.0,1509.0,1525.0,391
2010.09.01,00:00,1525.0,1541.0,1523.0,1534.2,269
2010.09.02,00:00,1534.2,1559.7,1531.0,1553.5,382
2010.09.03,00:00,1553.5,1566.7,1549.0,1552.5,345
2010.09.06,00:00,1565.4,1567.0,1556.5,1563.5,192
2010.09.07,00:00,1563.5,1568.4,1546.0,1550.2,316
2010.09.08,00:00,1550.2,1565.5,1550.0,1552.4,289
2010.09.09,00:00,1552.4,1561.9,1547.0,1553.5,288
2010.09.10,00:00,1553.5,1556.0,1538.5,1543.0,246
2010.09.13,00:00,1547.2,1569.2,1544.5,1569.2,275
2010.09.14,00:00,1569.2,1602.5,1565.0,1593.0,513
2010.09.15,00:00,1593.0,1612.4,1580.4,1595.2,619
2010.09.16,00:00,1595.2,1618.7,1594.2,1616.2,281
2010.09.17,00:00,1616.2,1630.5,1612.0,1618.0,353
2010.09.20,00:00,1618.9,1634.2,1616.9,1626.0,276
2010.09.21,00:00,1626.0,1632.7,1610.0,1630.2,413
2010.09.22,00:00,1630.2,1640.5,1622.7,1637.0,289
2010.09.23,00:00,1637.0,1646.2,1625.0,1636.5,420
2010.09.24,00:00,1636.5,1648.5,1633.5,1643.2,234
2010.09.27,00:00,1639.7,1646.5,1617.2,1619.7,387
2010.09.28,00:00,1619.7,1645.0,1602.0,1644.5,613
2010.09.29,00:00,1644.5,1650.9,1632.5,1640.0,324
2010.09.30,00:00,1640.0,1663.7,1602.0,1662.9,1006
2010.10.01,00:00,1662.9,1682.2,1659.2,1674.7,343
2010.10.04,00:00,1671.5,1680.5,1667.0,1671.5,271
2010.10.05,00:00,1671.5,1708.7,1668.0,1706.5,465
2010.10.06,00:00,1706.5,1722.4,1696.0,1720.5,389
2010.10.07,00:00,1720.5,1729.5,1692.2,1697.2,514
2010.10.08,00:00,1697.2,1714.0,1675.0,1704.7,706
2010.10.11,00:00,1706.7,1709.5,1682.0,1693.2,416
2010.10.12,00:00,1693.2,1698.2,1676.2,1694.7,426
2010.10.13,00:00,1694.7,1723.9,1692.4,1717.0,408
2010.10.14,00:00,1717.0,1726.5,1701.0,1709.0,431
2010.10.15,00:00,1709.0,1713.4,1689.5,1696.7,356
2010.10.18,00:00,1677.5,1699.7,1666.5,1689.0,550
2010.10.19,00:00,1689.0,1694.4,1653.5,1668.2,611
2010.10.20,00:00,1668.2,1688.2,1662.7,1676.0,433
2010.10.21,00:00,1676.0,1695.0,1666.2,1674.5,562
2010.10.22,00:00,1674.5,1680.7,1663.2,1680.0,296
2010.10.25,00:00,1691.0,1710.2,1690.0,1703.0,285
2010.10.26,00:00,1703.0,1716.2,1690.2,1708.4,467
2010.10.27,00:00,1708.4,1711.5,1675.0,1685.2,499
2010.10.28,00:00,1685.2,1696.0,1677.7,1694.2,277
2010.10.29,00:00,1694.2,1709.0,1684.0,1708.4,359
2010.11.01,00:00,1710.0,1727.2,1706.7,1714.2,369
2010.11.02,00:00,1714.2,1724.5,1710.2,1713.2,277
2010.11.03,00:00,1713.2,1722.7,1687.2,1718.5,658
2010.11.04,00:00,1718.5,1796.2,1715.5,1774.5,1055
2010.11.05,00:00,1774.5,1777.0,1742.7,1769.9,641
2010.11.08,00:00,1760.5,1779.2,1751.5,1777.0,390
2010.11.09,00:00,1777.0,1811.2,1746.7,1763.7,1158
2010.11.10,00:00,1763.7,1786.2,1730.2,1760.4,1088
2010.11.11,00:00,1760.4,1773.7,1712.2,1718.2,809
2010.11.12,00:00,1718.2,1724.7,1674.4,1679.7,622
2010.11.15,00:00,1680.0,1691.0,1669.4,1674.2,375
2010.11.16,00:00,1674.2,1678.0,1630.4,1636.4,575
2010.11.17,00:00,1636.4,1654.2,1628.0,1654.2,347
2010.11.18,00:00,1654.2,1673.5,1645.9,1652.2,533
2010.11.19,00:00,1652.2,1671.7,1646.5,1668.9,338
2010.11.22,00:00,1674.0,1677.4,1649.0,1657.2,401
2010.11.23,00:00,1657.2,1665.7,1636.5,1661.7,540
2010.11.24,00:00,1661.7,1670.9,1635.4,1657.5,669
2010.11.25,00:00,1657.5,1665.2,1645.5,1654.9,369
2010.11.26,00:00,1654.9,1655.2,1637.5,1648.7,293
2010.11.29,00:00,1646.5,1658.5,1633.0,1641.7,463
2010.11.30,00:00,1641.7,1671.7,1640.7,1670.7,331
2010.12.01,00:00,1670.7,1699.7,1668.5,1699.2,340
2010.12.02,00:00,1699.2,1729.5,1699.2,1712.0,479
2010.12.03,00:00,1712.0,1732.4,1710.7,1729.9,256
2010.12.06,00:00,1732.0,1737.5,1709.0,1721.2,463
2010.12.07,00:00,1721.2,1733.4,1678.7,1684.0,723
2010.12.08,00:00,1684.0,1691.7,1670.4,1684.7,420
2010.12.09,00:00,1684.7,1695.0,1673.5,1682.9,413
2010.12.10,00:00,1682.9,1686.9,1665.7,1680.2,398
2010.12.13,00:00,1688.2,1709.5,1686.2,1708.5,264
2010.12.14,00:00,1708.5,1717.0,1694.2,1706.2,434
2010.12.15,00:00,1706.2,1710.7,1691.2,1694.0,269
2010.12.16,00:00,1694.0,1705.7,1686.5,1703.5,290
2010.12.17,00:00,1703.5,1708.7,1690.0,1703.9,371
2010.12.20,00:00,1699.2,1712.5,1698.2,1710.0,179
2010.12.21,00:00,1710.0,1735.2,1706.9,1731.7,350
2010.12.22,00:00,1731.7,1734.0,1719.7,1729.5,265
2010.12.23,00:00,1729.5,1731.5,1711.2,1717.4,286
2010.12.27,00:00,1734.4,1744.7,1727.0,1740.2,297
2010.12.28,00:00,1740.2,1759.5,1740.2,1750.4,285
2010.12.29,00:00,1750.4,1765.2,1742.2,1763.9,326
2010.12.30,00:00,1763.9,1769.9,1740.2,1748.7,443
2010.12.31,00:00,1748.7,1764.0,1722.4,1759.7,723
2011.01.03,00:00,1773.5,1786.5,1761.0,1768.7,463
2011.01.04,00:00,1768.7,1772.0,1727.0,1738.5,599
2011.01.05,00:00,1738.5,1740.4,1706.0,1731.0,614
2011.01.06,00:00,1731.0,1737.4,1720.7,1726.2,287
2011.01.07,00:00,1726.2,1745.5,1713.9,1730.9,586
2011.01.10,00:00,1746.9,1753.2,1735.5,1749.2,332
2011.01.11,00:00,1749.2,1781.9,1743.2,1778.2,485
2011.01.12,00:00,1778.2,1809.0,1771.5,1796.7,566
2011.01.13,00:00,1796.7,1832.5,1794.2,1822.0,514
2011.01.14,00:00,1822.0,1826.4,1803.2,1814.0,385
2011.01.17,00:00,1820.7,1821.2,1803.0,1817.7,335
2011.01.18,00:00,1817.7,1847.5,1813.5,1847.4,384
2011.01.19,00:00,1847.4,1851.0,1831.0,1833.5,262
2011.01.20,00:00,1833.5,1834.0,1800.2,1812.5,467
2011.01.21,00:00,1812.5,1832.2,1805.0,1829.0,380
2011.01.24,00:00,1832.0,1833.5,1801.5,1807.5,396
2011.01.25,00:00,1807.5,1807.5,1781.0,1788.0,336
2011.01.26,00:00,1788.0,1819.0,1781.0,1811.2,529
2011.01.27,00:00,1811.2,1814.5,1766.2,1770.0,555
2011.01.28,00:00,1770.0,1809.7,1761.0,1794.7,728
2011.01.31,00:00,1789.7,1806.5,1776.5,1804.2,456
2011.02.01,00:00,1804.2,1839.9,1797.5,1837.0,521
2011.02.02,00:00,1837.0,1839.7,1827.0,1834.5,230
2011.02.03,00:00,1834.5,1845.7,1820.5,1842.9,421
2011.02.04,00:00,1842.9,1863.0,1835.0,1844.5,545
2011.02.07,00:00,1835.5,1851.5,1835.5,1840.7,269
2011.02.08,00:00,1840.7,1868.4,1838.0,1867.5,341
2011.02.09,00:00,1867.5,1869.0,1845.9,1851.2,300
2011.02.10,00:00,1851.2,1851.7,1825.2,1837.7,396
2011.02.11,00:00,1837.7,1839.9,1803.5,1805.2,404
2011.02.14,00:00,1825.0,1843.5,1823.5,1840.0,251
2011.02.15,00:00,1840.0,1848.0,1827.5,1834.5,356
2011.02.16,00:00,1834.5,1842.5,1826.0,1833.2,318
2011.02.17,00:00,1833.2,1848.7,1823.2,1844.2,401
2011.02.18,00:00,1844.2,1849.0,1831.7,1836.0,265
2011.02.21,00:00,1841.7,1857.9,1841.2,1844.0,312
2011.02.22,00:00,1844.0,1844.5,1785.5,1803.0,771
2011.02.23,00:00,1803.0,1810.5,1771.0,1796.7,728
2011.02.24,00:00,1796.7,1798.5,1770.4,1795.5,551
2011.02.25,00:00,1795.5,1807.5,1785.2,1805.2,350
2011.02.28,00:00,1820.9,1825.5,1798.4,1811.7,451
2011.03.01,00:00,1811.7,1846.5,1805.5,1834.2,596
2011.03.02,00:00,1834.2,1865.0,1834.0,1853.5,428
2011.03.03,00:00,1853.5,1854.0,1822.0,1832.5,431
2011.03.04,00:00,1832.5,1846.2,1828.2,1844.4,242
2011.03.07,00:00,1836.9,1843.5,1801.2,1813.5,613
2011.03.08,00:00,1813.5,1818.2,1794.2,1801.5,361
2011.03.09,00:00,1801.5,1820.0,1793.4,1798.4,502
2011.03.10,00:00,1798.4,1807.4,1754.7,1771.2,783
2011.03.11,00:00,1771.2,1785.2,1759.5,1779.0,437
2011.03.14,00:00,1746.7,1767.9,1723.2,1723.4,662
2011.03.15,00:00,1723.4,1735.4,1680.4,1681.0,677
2011.03.16,00:00,1681.0,1729.5,1658.0,1674.5,1366
2011.03.17,00:00,1674.5,1715.7,1667.0,1713.0,590
2011.03.18,00:00,1713.0,1723.5,1702.5,1723.4,317
2011.03.21,00:00,1730.0,1754.0,1726.7,1749.7,350
2011.03.22,00:00,1749.7,1750.5,1732.9,1741.9,275
2011.03.23,00:00,1741.9,1763.5,1733.2,1755.0,476
2011.03.24,00:00,1755.0,1767.5,1744.5,1750.5,416
2011.03.25,00:00,1750.5,1755.4,1742.7,1744.0,190
2011.03.28,00:00,1737.2,1751.5,1725.0,1739.2,511
2011.03.29,00:00,1739.2,1758.5,1736.4,1750.0,335
2011.03.30,00:00,1750.0,1783.0,1747.0,1781.5,406
2011.03.31,00:00,1781.5,1788.7,1768.0,1774.7,347
2011.04.01,00:00,1774.7,1785.0,1756.2,1770.2,532
2011.04.04,00:00,1767.2,1800.0,1765.0,1790.0,473
2011.04.05,00:00,1790.0,1802.2,1783.9,1797.2,295
2011.04.06,00:00,1797.2,1816.5,1781.5,1783.0,559
2011.04.07,00:00,1783.0,1809.2,1777.0,1793.0,545
2011.04.08,00:00,1793.0,1820.9,1793.0,1815.0,339
2011.04.11,00:00,1815.2,1817.0,1775.2,1781.0,495
2011.04.12,00:00,1781.0,1796.2,1770.2,1776.5,476
2011.04.13,00:00,1776.5,1792.7,1775.0,1786.0,260
2011.04.14,00:00,1786.0,1801.0,1769.7,1797.0,517
2011.04.15,00:00,1797.0,1801.2,1788.2,1791.5,206
2011.04.18,00:00,1794.0,1797.0,1774.5,1780.0,311
2011.04.19,00:00,1780.0,1792.2,1765.0,1790.0,445
2011.04.20,00:00,1790.1,1813.0,1785.0,1802.5,2258
2011.04.21,00:00,1802.5,1821.7,1801.0,1817.7,1664
2011.04.25,00:00,1824.7,1843.5,1811.9,1822.0,1714
2011.04.26,00:00,1822.0,1824.7,1797.5,1813.0,2430
2011.04.27,00:00,1813.0,1832.0,1804.7,1827.0,2082
2011.04.28,00:00,1827.0,1851.5,1820.2,1840.0,2304
2011.04.29,00:00,1840.0,1881.7,1840.0,1874.5,1716
2011.05.02,00:00,1860.0,1884.4,1834.5,1861.5,2533
2011.05.03,00:00,1861.5,1871.5,1847.4,1857.0,2225
2011.05.04,00:00,1857.0,1859.0,1817.2,1824.0,2570
2011.05.05,00:00,1824.0,1832.0,1760.5,1770.5,3295
2011.05.06,00:00,1770.5,1803.5,1770.5,1787.4,3134
2011.05.09,00:00,1787.9,1801.7,1784.2,1798.0,1873
2011.05.10,00:00,1798.0,1807.5,1789.5,1802.0,2090
2011.05.11,00:00,1802.0,1811.9,1774.7,1775.2,2134
2011.05.12,00:00,1775.2,1784.2,1751.5,1770.5,3115
2011.05.13,00:00,1770.5,1785.4,1756.9,1765.4,2236
2011.05.16,00:00,1762.7,1772.7,1753.0,1758.0,2143
2011.05.17,00:00,1758.0,1780.2,1751.0,1767.0,2146
2011.05.18,00:00,1767.0,1780.5,1751.0,1773.0,2225
2011.05.19,00:00,1773.0,1792.5,1765.2,1772.0,2034
2011.05.20,00:00,1772.0,1779.0,1757.5,1774.5,2010
2011.05.23,00:00,1777.0,1778.2,1742.5,1754.7,1981
2011.05.24,00:00,1754.7,1772.0,1752.0,1766.4,1757
2011.05.25,00:00,1766.4,1786.4,1764.2,1780.4,1882
2011.05.26,00:00,1780.4,1789.5,1766.5,1774.7,1673
2011.05.27,00:00,1774.7,1802.7,1774.7,1800.4,1362
2011.05.30,00:00,1801.7,1805.2,1793.2,1804.0,698
2011.05.31,00:00,1804.0,1836.5,1798.2,1827.0,2127
2011.06.01,00:00,1827.0,1839.0,1818.0,1824.4,2108
2011.06.02,00:00,1824.4,1829.0,1805.2,1816.2,1868
2011.06.03,00:00,1816.2,1826.5,1806.0,1816.5,2008
2011.06.06,00:00,1825.9,1833.7,1809.0,1814.9,1628
2011.06.07,00:00,1814.9,1836.5,1806.0,1830.5,1702
2011.06.08,00:00,1830.5,1836.7,1816.0,1828.5,1892
2011.06.09,00:00,1828.5,1849.0,1820.0,1839.0,1487
2011.06.10,00:00,1839.0,1849.4,1821.9,1828.7,1594
2011.06.13,00:00,1824.7,1834.2,1795.0,1804.0,2027
2011.06.14,00:00,1804.0,1812.5,1788.0,1798.0,2032
2011.06.15,00:00,1798.0,1803.5,1771.7,1778.7,1771
2011.06.16,00:00,1778.7,1784.7,1754.0,1765.0,1813
2011.06.17,00:00,1765.0,1771.9,1745.5,1756.7,1878
2011.06.20,00:00,1762.9,1768.0,1727.0,1732.0,1639
2011.06.21,00:00,1732.0,1752.2,1732.0,1750.5,1635
2011.06.22,00:00,1750.5,1758.2,1736.2,1739.2,1479
2011.06.23,00:00,1739.2,1745.4,1689.0,1706.0,2638
2011.06.24,00:00,1706.0,1719.2,1676.0,1686.9,2016
2011.06.27,00:00,1687.0,1693.2,1665.5,1685.4,2150
2011.06.28,00:00,1685.4,1701.0,1681.4,1694.7,1687
2011.06.29,00:00,1694.7,1731.2,1694.7,1724.0,1661
2011.06.30,00:00,1724.0,1730.2,1718.5,1720.0,1692
2011.07.01,00:00,1720.0,1724.0,1702.7,1718.7,1796
2011.07.04,00:00,1718.7,1726.4,1714.9,1722.5,1137
2011.07.05,00:00,1722.5,1743.0,1709.5,1736.5,1740
2011.07.06,00:00,1736.5,1749.0,1720.0,1732.0,2043
2011.07.07,00:00,1732.0,1746.7,1722.2,1739.0,1408
2011.07.08,00:00,1739.0,1750.0,1729.2,1735.9,1384
2011.07.11,00:00,1732.4,1737.5,1723.0,1725.2,1430
2011.07.12,00:00,1725.2,1742.0,1707.7,1736.4,2008
2011.07.13,00:00,1736.4,1772.5,1736.4,1761.2,2056
2011.07.14,00:00,1761.2,1782.5,1754.7,1769.4,2458
2011.07.15,00:00,1769.4,1772.7,1750.0,1765.5,1650
2011.07.18,00:00,1758.5,1781.0,1755.5,1771.0,1469
2011.07.19,00:00,1771.0,1793.0,1765.0,1774.2,2084
2011.07.20,00:00,1774.2,1782.5,1762.7,1778.5,1763
2011.07.21,00:00,1778.5,1792.0,1776.0,1787.5,1650
2011.07.22,00:00,1787.5,1803.5,1783.0,1795.7,1293
2011.07.25,00:00,1799.7,1803.5,1790.0,1792.9,1369
2011.07.26,00:00,1792.9,1812.0,1774.0,1808.0,1882
2011.07.27,00:00,1808.0,1822.2,1792.5,1795.4,1676
2011.07.28,00:00,1795.4,1797.9,1782.4,1788.0,1500
2011.07.29,00:00,1788.0,1795.0,1779.0,1781.9,1388
2011.08.01,00:00,1784.2,1804.2,1783.2,1793.5,1734
2011.08.02,00:00,1793.5,1801.0,1788.5,1798.5,1460
2011.08.03,00:00,1798.5,1802.4,1778.9,1784.0,1625
2011.08.04,00:00,1784.0,1795.5,1718.0,1723.7,2867
2011.08.05,00:00,1723.7,1723.7,1682.0,1720.2,3424
2011.08.08,00:00,1717.5,1732.0,1708.5,1712.9,2764
2011.08.09,00:00,1712.9,1761.0,1707.5,1755.0,3103
2011.08.10,00:00,1755.0,1778.5,1747.5,1776.0,2660
2011.08.11,00:00,1776.0,1795.5,1773.0,1792.0,2524
2011.08.12,00:00,1792.0,1807.4,1790.0,1800.0,2017
2011.08.15,00:00,1795.5,1816.5,1790.0,1816.5,2288
2011.08.16,00:00,1816.5,1827.9,1810.0,1819.0,1913
2011.08.17,00:00,1819.0,1848.2,1816.7,1842.2,1972
2011.08.18,00:00,1842.2,1849.0,1824.5,1842.7,2257
2011.08.19,00:00,1842.7,1882.0,1842.0,1878.0,2614
2011.08.22,00:00,1890.2,1918.2,1882.4,1916.2,2844
2011.08.23,00:00,1916.2,1918.4,1861.5,1867.4,3104
2011.08.24,00:00,1867.4,1884.5,1806.0,1818.2,3876
2011.08.25,00:00,1818.2,1833.5,1788.5,1820.5,3829
2011.08.26,00:00,1820.5,1835.5,1809.2,1835.0,2380
2011.08.29,00:00,1838.2,1847.2,1820.0,1827.4,2204
2011.08.30,00:00,1827.4,1859.9,1823.2,1850.2,2540
2011.08.31,00:00,1850.2,1860.2,1845.5,1848.7,1807
2011.09.01,00:00,1848.7,1858.2,1841.5,1851.5,1942
2011.09.02,00:00,1851.5,1887.9,1846.2,1885.0,1982
2011.09.05,00:00,1885.5,1892.7,1870.5,1888.9,2448
2011.09.06,00:00,1888.9,1899.9,1851.2,1860.7,3956
2011.09.07,00:00,1860.7,1864.2,1815.4,1827.5,3346
2011.09.08,00:00,1827.5,1867.2,1826.0,1854.4,2599
2011.09.09,00:00,1854.4,1867.2,1827.2,1836.5,2918
2011.09.12,00:00,1835.5,1839.7,1799.0,1813.0,3247
2011.09.13,00:00,1813.0,1831.0,1803.9,1816.0,2662
2011.09.14,00:00,1816.0,1830.4,1805.2,1818.0,2526
2011.09.15,00:00,1818.0,1822.2,1776.2,1782.2,3116
2011.09.16,00:00,1782.2,1819.0,1769.2,1812.2,2673
2011.09.19,00:00,1821.2,1825.9,1767.2,1775.5,2823
2011.09.20,00:00,1775.5,1790.2,1765.0,1778.4,2309
2011.09.21,00:00,1778.4,1795.7,1759.4,1763.5,2953
2011.09.22,00:00,1763.5,1764.5,1678.0,1702.2,3943
2011.09.23,00:00,1702.2,1708.0,1602.0,1614.7,4470
2011.09.26,00:00,1605.5,1613.5,1466.5,1555.7,6586
2011.09.27,00:00,1555.7,1591.0,1551.7,1555.9,3778
2011.09.28,00:00,1555.9,1570.2,1511.5,1511.5,4290
2011.09.29,00:00,1511.5,1552.7,1506.9,1527.4,3959
2011.09.30,00:00,1527.4,1539.7,1499.0,1520.0,2605
2011.10.03,00:00,1522.4,1531.7,1495.5,1510.9,3831
2011.10.04,00:00,1510.9,1513.2,1450.0,1485.0,3549
2011.10.05,00:00,1485.0,1497.7,1434.2,1473.0,3988
2011.10.06,00:00,1473.0,1523.0,1473.0,1521.4,3848
2011.10.07,00:00,1521.4,1542.5,1485.2,1495.0,3449
2011.10.10,00:00,1499.0,1534.2,1495.2,1532.0,2660
2011.10.11,00:00,1532.0,1547.5,1511.0,1523.2,2672
2011.10.12,00:00,1523.2,1558.5,1522.5,1550.9,2337
2011.10.13,00:00,1550.9,1557.4,1527.0,1533.5,2200
2011.10.14,00:00,1533.5,1563.5,1530.0,1556.4,2132
2011.10.17,00:00,1553.0,1583.5,1546.5,1556.5,3553
2011.10.18,00:00,1556.5,1557.7,1518.5,1546.5,3875
2011.10.19,00:00,1546.5,1556.5,1513.5,1515.0,3416
2011.10.20,00:00,1515.0,1521.0,1465.5,1495.0,5691
2011.10.21,00:00,1495.0,1516.2,1485.9,1513.2,3240
2011.10.24,00:00,1513.0,1549.5,1513.0,1543.0,3573
2011.10.25,00:00,1543.0,1571.4,1539.0,1564.0,3785
2011.10.26,00:00,1564.0,1599.4,1564.0,1593.2,4069
2011.10.27,00:00,1593.2,1644.7,1593.2,1640.7,4156
2011.10.28,00:00,1640.7,1661.7,1628.2,1647.7,3784
2011.10.31,00:00,1643.7,1646.5,1593.4,1597.5,5127
2011.11.01,00:00,1597.5,1613.7,1559.2,1588.0,4494
2011.11.02,00:00,1588.0,1617.2,1580.0,1602.5,4022
2011.11.03,00:00,1602.5,1647.7,1587.0,1631.7,4759
2011.11.04,00:00,1631.7,1643.9,1622.4,1634.5,3206
2011.11.07,00:00,1635.9,1662.0,1627.9,1652.7,3235
2011.11.08,00:00,1652.7,1676.0,1646.0,1669.5,3393
2011.11.09,00:00,1669.5,1676.4,1618.5,1626.0,4326
2011.11.10,00:00,1626.0,1634.7,1606.5,1621.9,4510
2011.11.11,00:00,1621.9,1648.5,1621.7,1644.0,2792
2011.11.14,00:00,1661.0,1667.0,1638.9,1648.7,2886
2011.11.15,00:00,1648.7,1657.0,1622.9,1641.4,3500
2011.11.16,00:00,1641.4,1644.2,1612.7,1622.9,4080
2011.11.17,00:00,1622.9,1628.0,1570.5,1571.0,4642
2011.11.18,00:00,1571.0,1603.5,1567.5,1591.9,3883
2011.11.21,00:00,1577.7,1591.7,1538.5,1547.2,4220
2011.11.22,00:00,1547.2,1573.2,1547.0,1566.4,3203
2011.11.23,00:00,1566.4,1574.0,1538.5,1549.0,4241
2011.11.24,00:00,1549.0,1556.2,1537.0,1542.0,2155
2011.11.25,00:00,1542.0,1549.0,1526.0,1526.0,2408
2011.11.28,00:00,1550.0,1567.0,1538.5,1543.9,3023
2011.11.29,00:00,1543.9,1551.5,1533.2,1540.0,2740
2011.11.30,00:00,1540.0,1574.7,1512.9,1571.5,4222
2011.12.01,00:00,1571.5,1574.7,1548.2,1561.0,3196
2011.12.02,00:00,1561.0,1572.4,1546.0,1548.2,2748
2011.12.05,00:00,1549.4,1553.5,1520.0,1522.0,3221
2011.12.06,00:00,1522.0,1534.2,1500.2,1532.7,3606
2011.12.07,00:00,1532.7,1538.0,1509.5,1519.2,2874
2011.12.08,00:00,1519.2,1536.5,1490.5,1500.5,3338
2011.12.09,00:00,1500.5,1517.7,1488.5,1515.7,2712
2011.12.12,00:00,1516.4,1516.4,1482.5,1490.2,3549
2011.12.13,00:00,1490.2,1505.5,1467.0,1471.9,3460
2011.12.14,00:00,1471.9,1484.0,1405.4,1414.0,4872
2011.12.15,00:00,1414.0,1423.5,1376.2,1411.7,4610
2011.12.16,00:00,1411.7,1431.5,1409.0,1417.7,2989
2011.12.19,00:00,1418.2,1425.4,1404.0,1417.0,3169
2011.12.20,00:00,1417.0,1439.7,1411.2,1438.5,2195
2011.12.21,00:00,1438.5,1453.5,1416.4,1423.5,2905
2011.12.22,00:00,1423.5,1434.9,1415.7,1423.9,2466
2011.12.23,00:00,1423.9,1439.0,1423.5,1426.5,1791
2011.12.26,00:00,1426.5,1438.0,1426.5,1435.2,413
2011.12.27,00:00,1435.2,1437.7,1420.5,1424.2,2986
2011.12.28,00:00,1424.2,1430.2,1373.5,1376.2,4184
2011.12.29,00:00,1376.2,1380.7,1347.0,1378.7,6022
2011.12.30,00:00,1378.7,1409.7,1375.5,1398.0,3848
2012.01.02,00:00,1398.0,1413.0,1398.0,1411.7,425
2012.01.03,00:00,1411.7,1436.2,1404.9,1426.0,4314
2012.01.04,00:00,1426.0,1441.0,1418.7,1425.7,4350
2012.01.05,00:00,1425.7,1439.2,1409.4,1415.0,4516
2012.01.06,00:00,1415.0,1423.9,1401.0,1405.0,3511
2012.01.09,00:00,1399.0,1433.2,1391.5,1427.4,4103
2012.01.10,00:00,1427.4,1473.7,1425.5,1472.5,4605
2012.01.11,00:00,1472.5,1506.0,1467.2,1498.9,4595
2012.01.12,00:00,1498.9,1512.4,1488.9,1489.2,4368
2012.01.13,00:00,1489.2,1498.7,1471.2,1491.9,4350
2012.01.16,00:00,1477.7,1509.2,1477.0,1508.7,2688
2012.01.17,00:00,1508.7,1538.2,1508.5,1518.2,4232
2012.01.18,00:00,1518.2,1530.2,1505.0,1530.0,4787
2012.01.19,00:00,1530.0,1541.0,1516.9,1525.5,3688
2012.01.20,00:00,1525.5,1538.0,1506.2,1537.0,3798
2012.01.23,00:00,1530.5,1570.4,1527.5,1561.0,4097
2012.01.24,00:00,1561.0,1565.5,1541.0,1548.5,3988
2012.01.25,00:00,1548.5,1589.0,1543.0,1581.2,4764
2012.01.26,00:00,1581.2,1624.5,1580.0,1606.7,4530
2012.01.27,00:00,1606.7,1626.7,1603.2,1623.7,3749
2012.01.30,00:00,1617.0,1624.5,1601.0,1623.5,3768
2012.01.31,00:00,1623.5,1632.5,1583.0,1591.2,4524
2012.02.01,00:00,1591.2,1627.9,1589.0,1623.4,4591
2012.02.02,00:00,1623.4,1635.5,1617.0,1632.5,4199
2012.02.03,00:00,1632.5,1638.4,1616.2,1622.7,3751
2012.02.06,00:00,1621.4,1631.5,1606.0,1625.5,3836
2012.02.07,00:00,1625.5,1655.4,1614.7,1652.0,3832
2012.02.08,00:00,1652.0,1669.4,1646.9,1658.4,4275
2012.02.09,00:00,1658.4,1673.7,1655.0,1656.5,4438
2012.02.10,00:00,1656.5,1662.5,1631.9,1659.4,4005
2012.02.13,00:00,1660.0,1670.7,1642.2,1644.2,3857
2012.02.14,00:00,1644.2,1646.0,1624.0,1633.7,6514
2012.02.15,00:00,1633.7,1645.5,1626.2,1630.0,6510
2012.02.16,00:00,1630.0,1637.4,1604.4,1637.4,7493
2012.02.17,00:00,1637.4,1646.4,1627.2,1633.7,5880
2012.02.20,00:00,1655.9,1658.7,1644.0,1650.0,4459
2012.02.21,00:00,1650.0,1697.9,1645.9,1697.5,5592
2012.02.22,00:00,1697.5,1731.4,1693.2,1731.2,6494
2012.02.23,00:00,1731.2,1736.2,1715.7,1720.0,5848
2012.02.24,00:00,1720.0,1729.2,1708.2,1713.9,6176
2012.02.27,00:00,1715.7,1718.0,1692.7,1697.7,6377
2012.02.28,00:00,1697.7,1727.5,1693.9,1724.0,6438
2012.02.29,00:00,1724.0,1738.7,1675.4,1694.5,9817
2012.03.01,00:00,1694.5,1711.7,1678.0,1709.0,8340
2012.03.02,00:00,1709.0,1714.7,1688.7,1697.5,6083
2012.03.05,00:00,1695.2,1699.0,1655.7,1668.5,7128
2012.03.06,00:00,1668.5,1669.9,1606.0,1611.0,7407
2012.03.07,00:00,1611.0,1639.2,1611.0,1637.2,6238
2012.03.08,00:00,1637.2,1664.4,1630.2,1661.5,6699
2012.03.09,00:00,1661.5,1686.9,1649.0,1684.0,6224
2012.03.12,00:00,1689.5,1706.9,1674.2,1696.5,6410
2012.03.13,00:00,1696.5,1704.0,1683.5,1691.0,6728
2012.03.14,00:00,1691.0,1705.4,1662.2,1672.2,7746
2012.03.15,00:00,1672.2,1691.7,1661.2,1687.0,7079
2012.03.16,00:00,1687.0,1693.2,1664.0,1671.2,6676
2012.03.19,00:00,1676.4,1685.7,1671.0,1678.9,5781
2012.03.20,00:00,1678.9,1680.5,1647.0,1653.0,5473
2012.03.21,00:00,1653.0,1663.5,1635.5,1640.2,6130
2012.03.22,00:00,1640.2,1645.0,1604.0,1623.0,6981
2012.03.23,00:00,1623.0,1637.5,1614.7,1626.7,5332
2012.03.26,00:00,1635.0,1654.5,1624.0,1654.0,5614
2012.03.27,00:00,1654.0,1671.5,1654.0,1656.0,5160
2012.03.28,00:00,1656.0,1656.9,1634.0,1640.5,6028
2012.03.29,00:00,1640.5,1649.5,1626.0,1636.2,5295
2012.03.30,00:00,1636.2,1652.0,1627.7,1642.5,5177
2012.04.02,00:00,1649.5,1659.5,1639.9,1656.2,5076
2012.04.03,00:00,1656.2,1670.5,1642.0,1645.2,7100
2012.04.04,00:00,1645.2,1648.4,1598.0,1602.2,10888
2012.04.05,00:00,1602.2,1610.5,1589.4,1607.0,10479
2012.04.09,00:00,1607.0,1626.7,1607.0,1617.2,7284
2012.04.10,00:00,1617.2,1631.5,1584.4,1605.9,12017
2012.04.11,00:00,1605.9,1607.5,1582.4,1588.9,11666
2012.04.12,00:00,1588.9,1609.0,1582.7,1609.0,10094
2012.04.13,00:00,1609.0,1610.0,1582.5,1585.2,9192
2012.04.16,00:00,1583.0,1583.0,1562.5,1576.4,10835
2012.04.17,00:00,1576.4,1588.0,1565.3,1583.5,11690
2012.04.18,00:00,1584.3,1595.1,1575.6,1579.7,17254
2012.04.19,00:00,1580.8,1596.9,1565.2,1578.4,16411
2012.04.20,00:00,1578.0,1586.8,1572.7,1581.2,14958
2012.04.23,00:00,1584.3,1584.5,1552.7,1558.0,15053
2012.04.24,00:00,1558.0,1561.7,1544.9,1548.7,11343
2012.04.25,00:00,1548.7,1559.2,1542.4,1555.9,14072
2012.04.26,00:00,1555.9,1574.2,1544.4,1568.7,10482
2012.04.27,00:00,1568.7,1579.3,1562.5,1573.0,11873
2012.04.30,00:00,1574.9,1578.2,1564.4,1573.2,6402
2012.05.01,00:00,1573.3,1578.7,1560.0,1571.9,12232
2012.05.02,00:00,1571.9,1573.4,1559.2,1562.0,14659
2012.05.03,00:00,1561.0,1563.7,1531.2,1537.5,12186
2012.05.04,00:00,1538.1,1541.0,1521.1,1526.1,12817
2012.05.07,00:00,1523.1,1532.6,1512.3,1523.0,11376
2012.05.08,00:00,1523.2,1534.3,1501.4,1508.8,14997
2012.05.09,00:00,1508.8,1512.8,1490.4,1497.0,16123
2012.05.10,00:00,1497.0,1508.9,1483.4,1487.1,10541
2012.05.11,00:00,1487.1,1488.1,1461.0,1463.6,10462
2012.05.14,00:00,1468.2,1476.5,1436.5,1440.6,13178
2012.05.15,00:00,1440.5,1454.3,1431.1,1435.8,12428
2012.05.16,00:00,1435.8,1443.0,1422.6,1437.7,18964
2012.05.17,00:00,1437.9,1458.3,1436.1,1452.2,14622
2012.05.18,00:00,1452.0,1466.1,1443.5,1455.5,14435
2012.05.21,00:00,1459.8,1473.2,1457.6,1472.6,11128
2012.05.22,00:00,1472.5,1473.3,1442.5,1443.8,11076
2012.05.23,00:00,1443.7,1443.8,1406.2,1422.6,18914
2012.05.24,00:00,1422.1,1434.3,1412.9,1420.8,18948
2012.05.25,00:00,1421.2,1434.8,1412.0,1429.3,16336
2012.05.28,00:00,1431.0,1442.6,1430.1,1437.0,7352
2012.05.29,00:00,1436.2,1448.4,1423.4,1428.2,15526
2012.05.30,00:00,1428.3,1431.4,1387.0,1406.8,22006
2012.05.31,00:00,1407.2,1419.4,1393.1,1406.2,21847
2012.06.01,00:00,1406.2,1447.4,1388.4,1443.2,22880
2012.06.04,00:00,1438.5,1448.9,1423.0,1431.4,18096
2012.06.05,00:00,1431.9,1448.5,1430.3,1439.6,15366
2012.06.06,00:00,1438.9,1470.3,1433.8,1463.9,17720
2012.06.07,00:00,1464.0,1470.6,1436.0,1444.4,16869
2012.06.08,00:00,1444.4,1446.0,1413.7,1432.9,20839
2012.06.11,00:00,1445.6,1456.9,1437.0,1437.3,15502
2012.06.12,00:00,1437.3,1456.2,1423.1,1450.9,36667
2012.06.13,00:00,1451.1,1469.6,1445.7,1459.0,33617
2012.06.14,00:00,1459.1,1494.8,1458.0,1491.3,27997
2012.06.15,00:00,1492.1,1498.8,1481.0,1481.0,27074
2012.06.18,00:00,1493.1,1503.8,1479.0,1487.0,30852
2012.06.19,00:00,1487.0,1492.1,1476.5,1483.9,24724
2012.06.20,00:00,1483.9,1487.3,1451.8,1456.2,29227
2012.06.21,00:00,1456.4,1462.0,1431.2,1435.4,32802
2012.06.22,00:00,1434.8,1439.0,1421.1,1434.9,23015
2012.06.25,00:00,1432.8,1443.5,1427.8,1441.0,14189
2012.06.26,00:00,1441.0,1442.9,1425.0,1427.0,16348
2012.06.27,00:00,1426.9,1428.9,1406.6,1415.8,24163
2012.06.28,00:00,1416.1,1421.8,1385.0,1390.6,31038
2012.06.29,00:00,1390.5,1453.3,1385.3,1448.7,37172
2012.07.02,00:00,1448.0,1458.9,1435.0,1450.5,23383
2012.07.03,00:00,1450.5,1492.2,1448.9,1486.4,25003
2012.07.04,00:00,1486.7,1491.8,1473.0,1483.3,13997
2012.07.05,00:00,1483.3,1493.1,1465.8,1477.1,18155
2012.07.06,00:00,1477.2,1478.6,1440.1,1445.6,16470
2012.07.09,00:00,1441.0,1450.7,1435.0,1446.1,25538
2012.07.10,00:00,1446.1,1454.0,1423.0,1427.7,35990
2012.07.11,00:00,1427.7,1435.6,1420.4,1427.2,25248
2012.07.12,00:00,1427.3,1429.5,1405.3,1418.6,34430
2012.07.13,00:00,1418.6,1435.9,1416.0,1432.1,25414
2012.07.16,00:00,1437.6,1437.6,1414.9,1422.3,24224
2012.07.17,00:00,1422.4,1431.7,1407.9,1420.5,29234
2012.07.18,00:00,1420.5,1420.6,1403.2,1408.4,26073
2012.07.19,00:00,1408.4,1427.5,1406.2,1419.7,30890
2012.07.20,00:00,1419.6,1420.1,1407.5,1414.5,26038
2012.07.23,00:00,1407.6,1407.6,1388.8,1399.3,22081
2012.07.24,00:00,1399.3,1405.9,1379.6,1387.5,33343
2012.07.25,00:00,1387.5,1406.4,1383.2,1398.6,32651
2012.07.26,00:00,1398.6,1415.3,1396.1,1405.0,27849
2012.07.27,00:00,1405.0,1419.6,1405.0,1411.0,27176
2012.07.30,00:00,1409.9,1420.1,1398.0,1415.2,22707
2012.07.31,00:00,1415.2,1434.2,1409.4,1410.2,22810
2012.08.01,00:00,1410.3,1418.2,1387.4,1401.5,33306
2012.08.02,00:00,1401.5,1409.7,1383.3,1388.2,36515
2012.08.03,00:00,1388.1,1419.5,1384.0,1405.7,27314
2012.08.06,00:00,1406.4,1408.3,1392.7,1400.7,22605
2012.08.07,00:00,1400.7,1414.4,1400.0,1408.7,16588
2012.08.08,00:00,1408.3,1411.1,1399.0,1408.7,21420
2012.08.09,00:00,1408.8,1418.9,1408.3,1412.1,13773
2012.08.10,00:00,1412.1,1412.2,1392.4,1400.4,19319
2012.08.13,00:00,1400.7,1404.2,1385.0,1388.4,19932
2012.08.14,00:00,1388.8,1412.8,1388.4,1396.5,21322
2012.08.15,00:00,1396.6,1406.0,1389.2,1396.0,17146
2012.08.16,00:00,1396.1,1444.0,1395.8,1436.3,20588
2012.08.17,00:00,1436.3,1475.6,1436.3,1473.6,22099
2012.08.20,00:00,1476.6,1498.4,1460.9,1489.0,19149
2012.08.21,00:00,1488.5,1511.0,1479.7,1508.4,24431
2012.08.22,00:00,1508.6,1540.7,1505.1,1538.4,26331
2012.08.23,00:00,1538.4,1563.1,1530.5,1541.2,32733
2012.08.24,00:00,1541.2,1555.4,1533.0,1550.0,27754
2012.08.27,00:00,1549.5,1557.5,1540.4,1544.2,23750
2012.08.28,00:00,1544.3,1544.8,1512.2,1517.6,28255
2012.08.29,00:00,1517.6,1524.8,1510.1,1515.2,21421
2012.08.30,00:00,1515.7,1528.8,1501.6,1507.1,22674
2012.08.31,00:00,1507.1,1541.0,1498.1,1539.3,28675
2012.09.03,00:00,1540.9,1554.9,1537.6,1552.2,19003
2012.09.04,00:00,1552.3,1570.4,1549.2,1566.6,26677
2012.09.05,00:00,1564.5,1576.8,1542.6,1567.7,23825
2012.09.06,00:00,1567.7,1593.2,1564.7,1580.5,22883
2012.09.07,00:00,1580.4,1606.3,1561.6,1591.5,24068
2012.09.10,00:00,1597.2,1608.7,1589.1,1592.0,19524
2012.09.11,00:00,1592.0,1612.4,1588.6,1605.2,18759
2012.09.12,00:00,1605.1,1659.1,1604.5,1643.0,24819
2012.09.13,00:00,1643.1,1693.1,1638.9,1692.6,29674
2012.09.14,00:00,1692.6,1716.5,1683.3,1708.7,29419
2012.09.17,00:00,1707.8,1715.6,1661.5,1664.0,19962
2012.09.18,00:00,1663.9,1677.0,1619.0,1621.5,29490
2012.09.19,00:00,1621.5,1646.9,1621.0,1641.3,24788
2012.09.20,00:00,1641.3,1641.5,1595.9,1628.4,24032
2012.09.21,00:00,1628.4,1647.0,1628.4,1635.6,24794
2012.09.24,00:00,1629.7,1632.5,1611.3,1625.7,25165
2012.09.25,00:00,1625.7,1647.3,1621.4,1631.8,21832
2012.09.26,00:00,1631.6,1641.4,1616.5,1640.0,24947
2012.09.27,00:00,1640.0,1662.4,1632.1,1657.1,20668
2012.09.28,00:00,1657.1,1679.9,1655.2,1666.5,19362
2012.10.01,00:00,1655.4,1690.3,1649.3,1676.9,15339
2012.10.02,00:00,1677.0,1689.9,1672.7,1679.0,16051
2012.10.03,00:00,1679.1,1694.7,1671.5,1690.6,19103
2012.10.04,00:00,1690.7,1726.7,1690.7,1726.7,21907
2012.10.05,00:00,1726.6,1734.4,1704.0,1711.0,25317
2012.10.08,00:00,1695.9,1699.8,1677.3,1695.6,17152
2012.10.09,00:00,1695.7,1714.3,1687.8,1688.2,23055
2012.10.10,00:00,1688.1,1693.6,1667.0,1669.4,25574
2012.10.11,00:00,1669.5,1695.3,1663.1,1685.4,22139
2012.10.12,00:00,1685.5,1691.3,1654.7,1655.2,21870
2012.10.15,00:00,1638.6,1649.7,1622.7,1642.0,24182
2012.10.16,00:00,1642.1,1654.2,1636.3,1653.6,22162
2012.10.17,00:00,1653.8,1672.6,1652.0,1667.0,26530
2012.10.18,00:00,1667.1,1677.4,1643.0,1646.8,27569
2012.10.19,00:00,1647.2,1651.8,1612.6,1621.0,24422
2012.10.22,00:00,1617.1,1629.6,1605.2,1614.6,21891
2012.10.23,00:00,1614.6,1615.6,1571.1,1580.9,23837
2012.10.24,00:00,1581.3,1586.0,1555.3,1568.3,27681
2012.10.25,00:00,1568.3,1587.7,1565.1,1571.2,24784
2012.10.26,00:00,1571.4,1579.5,1540.9,1546.9,25769
2012.10.29,00:00,1552.6,1559.7,1531.1,1539.8,16976
2012.10.30,00:00,1539.9,1557.5,1534.2,1557.2,21839
2012.10.31,00:00,1557.3,1579.7,1553.0,1570.7,23959
2012.11.01,00:00,1570.8,1583.6,1567.0,1569.5,21788
2012.11.02,00:00,1569.5,1571.4,1543.5,1545.1,24377
2012.11.05,00:00,1549.5,1552.2,1538.2,1548.9,20889
2012.11.06,00:00,1549.2,1563.9,1539.0,1555.4,23521
2012.11.07,00:00,1555.5,1569.8,1534.7,1546.0,40028
2012.11.08,00:00,1546.0,1549.1,1534.6,1547.5,22658
2012.11.09,00:00,1547.5,1572.4,1546.6,1558.5,25135
2012.11.12,00:00,1561.8,1571.8,1560.9,1563.0,15914
2012.11.13,00:00,1563.0,1594.6,1557.2,1585.6,25457
2012.11.14,00:00,1585.7,1602.2,1579.2,1586.0,24431
2012.11.15,00:00,1586.0,1586.8,1563.0,1571.5,33239
2012.11.16,00:00,1571.5,1572.0,1546.2,1558.9,25419
2012.11.19,00:00,1563.8,1584.4,1560.5,1577.2,17006
2012.11.20,00:00,1577.2,1585.6,1569.3,1578.9,20204
2012.11.21,00:00,1578.9,1584.7,1566.9,1579.2,23470
2012.11.22,00:00,1579.2,1587.5,1579.2,1582.0,15754
2012.11.23,00:00,1582.0,1625.4,1573.4,1621.3,21647
2012.11.26,00:00,1616.3,1618.2,1605.5,1615.0,18252
2012.11.27,00:00,1615.1,1622.6,1611.1,1611.2,19177
2012.11.28,00:00,1611.2,1615.1,1583.0,1612.1,29707
2012.11.29,00:00,1612.0,1625.7,1605.0,1613.6,23922
2012.11.30,00:00,1613.7,1622.0,1596.1,1601.9,21858
2012.12.03,00:00,1605.1,1615.3,1593.5,1607.8,18844
2012.12.04,00:00,1607.8,1607.8,1581.3,1583.0,23370
2012.12.05,00:00,1582.9,1596.9,1571.0,1581.6,22679
2012.12.06,00:00,1581.5,1601.8,1573.5,1596.3,22135
2012.12.07,00:00,1596.3,1610.6,1590.5,1609.0,23656
2012.12.10,00:00,1608.6,1629.0,1607.7,1622.6,19149
2012.12.11,00:00,1622.6,1642.1,1616.5,1632.8,22301
2012.12.12,00:00,1632.8,1647.4,1626.8,1627.7,23876
2012.12.13,00:00,1627.8,1630.4,1603.4,1614.1,30074
2012.12.14,00:00,1614.0,1621.2,1606.6,1616.5,20137
2012.12.17,00:00,1614.4,1616.6,1604.0,1607.8,17090
2012.12.18,00:00,1607.8,1617.2,1590.0,1598.0,19028
2012.12.19,00:00,1598.0,1602.8,1576.0,1587.9,19000
2012.12.20,00:00,1588.0,1595.4,1542.0,1555.0,16589
2012.12.21,00:00,1554.9,1558.4,1526.3,1538.0,24079
2012.12.24,00:00,1539.9,1549.5,1532.1,1532.7,12858
2012.12.26,00:00,1531.9,1551.0,1531.9,1538.4,8260
2012.12.27,00:00,1538.7,1547.3,1528.0,1531.9,15775
2012.12.28,00:00,1531.9,1542.9,1519.5,1525.4,13975
2012.12.31,00:00,1527.0,1539.4,1519.1,1537.9,11337
2013.01.02,00:00,1550.3,1579.5,1548.6,1571.1,16316
2013.01.03,00:00,1571.1,1582.1,1555.1,1555.2,19755
2013.01.04,00:00,1555.0,1565.4,1543.4,1563.6,25078
2013.01.07,00:00,1563.5,1571.0,1551.0,1560.8,24132
2013.01.08,00:00,1560.7,1587.4,1553.0,1581.9,23235
2013.01.09,00:00,1581.8,1603.5,1578.0,1594.5,27569
2013.01.10,00:00,1594.4,1637.5,1594.0,1634.7,26570
2013.01.11,00:00,1634.7,1641.3,1616.0,1631.3,29856
2013.01.14,00:00,1634.9,1664.6,1634.6,1656.0,22367
2013.01.15,00:00,1656.1,1706.6,1654.0,1685.2,31287
2013.01.16,00:00,1685.2,1699.9,1657.1,1690.5,35741
2013.01.17,00:00,1690.5,1706.3,1672.0,1686.7,39705
2013.01.18,00:00,1686.5,1701.2,1661.7,1668.6,31288
2013.01.21,00:00,1678.7,1686.2,1667.2,1683.2,21208
2013.01.22,00:00,1683.2,1701.9,1680.4,1700.1,32503
2013.01.23,00:00,1700.4,1704.6,1686.5,1687.9,19083
2013.01.24,00:00,1687.9,1692.9,1676.0,1680.9,24464
2013.01.25,00:00,1680.9,1696.8,1675.0,1696.3,22621
2013.01.28,00:00,1693.0,1698.8,1659.7,1668.5,21393
2013.01.29,00:00,1668.6,1682.3,1665.5,1681.8,20262
2013.01.30,00:00,1681.9,1693.5,1678.9,1688.6,23115
2013.01.31,00:00,1688.5,1688.5,1666.2,1676.8,20969
2013.02.01,00:00,1676.9,1693.7,1668.4,1687.2,21664
2013.02.04,00:00,1687.9,1708.9,1684.7,1699.4,21698
2013.02.05,00:00,1699.4,1711.8,1687.1,1710.1,32919
2013.02.06,00:00,1710.6,1741.7,1707.9,1737.9,24075
2013.02.07,00:00,1737.7,1742.9,1718.4,1719.5,25046
2013.02.08,00:00,1719.5,1733.4,1707.2,1717.7,27678
2013.02.11,00:00,1710.8,1717.8,1683.4,1687.3,12118
2013.02.12,00:00,1687.3,1717.1,1684.5,1716.2,26448
2013.02.13,00:00,1716.2,1733.6,1715.4,1719.9,22510
2013.02.14,00:00,1719.9,1734.5,1709.3,1710.8,24460
2013.02.15,00:00,1710.8,1716.8,1670.9,1678.1,31432
2013.02.18,00:00,1674.0,1699.1,1674.0,1693.4,18743
2013.02.19,00:00,1694.3,1704.1,1676.3,1693.9,28159
2013.02.20,00:00,1693.9,1698.7,1635.9,1646.6,36029
2013.02.21,00:00,1646.6,1651.7,1598.8,1614.1,43536
2013.02.22,00:00,1614.1,1631.3,1604.2,1610.5,29513
2013.02.25,00:00,1607.6,1630.2,1597.5,1605.3,28225
2013.02.26,00:00,1605.1,1625.2,1580.7,1621.7,40249
2013.02.27,00:00,1621.8,1625.3,1592.2,1598.0,30139
2013.02.28,00:00,1598.0,1607.3,1581.8,1582.8,30257
2013.03.01,00:00,1583.8,1588.1,1565.3,1573.2,25604
2013.03.04,00:00,1573.9,1584.5,1563.8,1568.7,24343
2013.03.05,00:00,1568.7,1597.0,1566.8,1588.4,24655
2013.03.06,00:00,1588.4,1602.4,1575.9,1588.0,15298
2013.03.07,00:00,1587.5,1600.7,1584.5,1594.3,23811
2013.03.08,00:00,1594.4,1609.5,1586.1,1602.8,25758
2013.03.11,00:00,1601.1,1607.8,1594.3,1604.8,18770
2013.03.12,00:00,1604.6,1614.4,1590.8,1596.5,25493
2013.03.13,00:00,1596.6,1601.3,1586.1,1590.0,21989
2013.03.14,00:00,1589.9,1593.7,1578.3,1589.7,21542
2013.03.15,00:00,1589.8,1598.3,1586.9,1589.9,21242
2013.03.18,00:00,1592.2,1596.8,1572.0,1578.4,23910
2013.03.19,00:00,1578.4,1584.6,1549.6,1555.4,23841
2013.03.20,00:00,1555.2,1582.8,1551.2,1579.3,13493
2013.03.21,00:00,1579.0,1587.3,1575.4,1581.3,17868
2013.03.22,00:00,1581.3,1586.0,1568.3,1582.6,16350
2013.03.25,00:00,1582.1,1592.9,1575.2,1589.1,19337
2013.03.26,00:00,1589.1,1590.5,1563.4,1577.7,19562
2013.03.27,00:00,1577.7,1586.5,1571.2,1584.8,17199
2013.03.28,00:00,1584.8,1588.8,1561.4,1574.1,20751
2013.03.29,00:00,1573.5,1573.9,1573.1,1573.3,29
2013.04.01,00:00,1573.8,1603.5,1568.3,1595.9,12071
2013.04.02,00:00,1595.9,1597.8,1572.2,1574.4,14930
2013.04.03,00:00,1574.4,1576.9,1530.6,1533.9,15826
2013.04.04,00:00,1534.0,1540.1,1510.9,1523.1,22888
2013.04.05,00:00,1523.2,1539.3,1517.9,1539.1,21111
2013.04.08,00:00,1540.9,1544.5,1530.4,1537.5,12264
2013.04.09,00:00,1538.1,1557.2,1532.9,1546.9,14819
2013.04.10,00:00,1547.2,1550.2,1524.9,1528.8,15282
2013.04.11,00:00,1528.8,1543.4,1517.2,1533.2,15581
2013.04.12,00:00,1533.8,1535.3,1485.6,1486.0,18958
2013.04.15,00:00,1476.3,1487.7,1396.9,1401.8,39103
2013.04.16,00:00,1401.8,1463.0,1374.4,1448.5,34041
2013.04.17,00:00,1448.0,1452.5,1421.8,1422.9,23643
2013.04.18,00:00,1422.9,1443.9,1404.1,1423.1,22325
2013.04.19,00:00,1423.1,1449.2,1418.0,1426.9,22275
2013.04.22,00:00,1428.1,1444.7,1427.1,1433.5,18476
2013.04.23,00:00,1433.5,1435.9,1411.3,1415.1,20619
2013.04.24,00:00,1415.1,1432.5,1414.2,1430.9,15825
2013.04.25,00:00,1430.8,1470.3,1427.9,1467.9,14657
2013.04.26,00:00,1468.0,1498.9,1463.8,1477.6,21877
2013.04.29,00:00,1478.8,1525.0,1478.8,1510.5,9556
2013.04.30,00:00,1510.4,1516.1,1493.9,1506.5,13798
2013.05.01,00:00,1506.4,1508.4,1466.0,1475.7,13305
2013.05.02,00:00,1475.7,1501.5,1462.7,1498.1,14454
2013.05.03,00:00,1498.3,1518.7,1485.4,1499.4,10843
2013.05.06,00:00,1500.9,1508.7,1490.9,1505.2,10018
2013.05.07,00:00,1505.0,1506.4,1476.9,1482.0,17082
2013.05.08,00:00,1482.0,1508.4,1479.2,1502.1,15576
2013.05.09,00:00,1502.0,1518.7,1498.2,1505.4,17439
2013.05.10,00:00,1505.4,1515.4,1472.0,1493.6,23668
2013.05.13,00:00,1492.5,1495.0,1477.1,1480.6,18409
2013.05.14,00:00,1480.5,1509.3,1477.6,1500.3,18166
2013.05.15,00:00,1500.2,1506.4,1469.7,1489.0,20840
2013.05.16,00:00,1489.0,1492.2,1469.7,1478.5,16996
2013.05.17,00:00,1478.4,1486.2,1450.5,1453.2,21057
2013.05.20,00:00,1459.9,1494.5,1429.5,1489.1,22373
2013.05.21,00:00,1489.1,1491.6,1445.8,1462.1,22232
2013.05.22,00:00,1462.2,1492.3,1458.3,1468.7,25426
2013.05.23,00:00,1468.5,1470.8,1449.0,1459.0,28020
2013.05.24,00:00,1459.0,1464.9,1448.7,1452.3,22158
2013.05.27,00:00,1451.2,1463.2,1446.2,1449.0,8407
2013.05.28,00:00,1457.9,1470.5,1446.0,1460.3,17502
2013.05.29,00:00,1460.4,1467.6,1451.3,1454.0,19464
2013.05.30,00:00,1454.1,1483.7,1452.3,1482.5,20645
2013.05.31,00:00,1482.6,1483.7,1453.3,1456.4,18993
2013.06.03,00:00,1457.3,1499.4,1456.8,1495.6,12864
2013.06.04,00:00,1495.6,1497.6,1480.5,1492.0,12304
2013.06.05,00:00,1492.1,1513.6,1489.0,1512.2,16414
2013.06.06,00:00,1512.1,1534.0,1502.0,1528.5,18371
2013.06.07,00:00,1528.5,1539.0,1482.2,1499.2,23444
2013.06.10,00:00,1492.8,1508.8,1487.1,1506.0,15443
2013.06.11,00:00,1505.9,1510.5,1475.1,1478.9,20588
2013.06.12,00:00,1478.9,1490.1,1467.8,1479.1,16396
2013.06.13,00:00,1479.1,1481.6,1444.2,1453.3,18777
2013.06.14,00:00,1453.5,1462.4,1438.8,1444.4,15068
2013.06.17,00:00,1444.6,1453.6,1431.8,1433.3,10357
2013.06.18,00:00,1433.5,1444.4,1424.8,1438.7,10770
2013.06.19,00:00,1438.5,1443.3,1412.9,1412.9,12468
2013.06.20,00:00,1413.7,1418.9,1354.1,1359.9,28326
2013.06.21,00:00,1360.2,1378.4,1332.3,1374.6,20986
2013.06.24,00:00,1377.5,1377.9,1324.9,1332.6,19828
2013.06.25,00:00,1332.8,1360.9,1327.8,1353.2,17547
2013.06.26,00:00,1353.6,1354.5,1302.3,1305.5,25058
2013.06.27,00:00,1306.9,1332.4,1302.3,1316.7,20129
2013.06.28,00:00,1317.1,1342.9,1295.8,1342.8,24038
2013.07.01,00:00,1337.2,1387.6,1334.8,1375.2,22405
2013.07.02,00:00,1375.5,1388.3,1365.9,1367.8,16665
2013.07.03,00:00,1367.8,1374.0,1341.3,1345.5,18553
2013.07.04,00:00,1345.8,1361.8,1337.2,1340.8,13537
2013.07.05,00:00,1341.3,1348.1,1310.8,1327.6,18552
2013.07.08,00:00,1328.8,1364.0,1323.1,1360.1,15099
2013.07.09,00:00,1360.4,1380.6,1353.6,1367.8,18781
2013.07.10,00:00,1367.4,1377.9,1355.5,1371.1,21692
2013.07.11,00:00,1371.1,1412.8,1371.1,1408.3,25398
2013.07.12,00:00,1408.2,1417.2,1397.9,1407.4,15194
2013.07.15,00:00,1411.8,1426.6,1406.8,1424.8,12763
2013.07.16,00:00,1424.6,1433.6,1413.0,1424.5,16267
2013.07.17,00:00,1424.5,1434.3,1402.3,1407.8,19659
2013.07.18,00:00,1407.7,1419.6,1405.8,1414.5,17234
2013.07.19,00:00,1414.6,1436.0,1412.2,1429.6,15786
2013.07.22,00:00,1429.8,1455.1,1429.7,1445.7,15892
2013.07.23,00:00,1446.0,1453.2,1423.1,1447.7,12427
2013.07.24,00:00,1448.3,1464.2,1441.6,1447.5,16480
2013.07.25,00:00,1447.2,1452.9,1428.5,1448.9,15211
2013.07.26,00:00,1448.9,1451.3,1410.8,1430.3,16328
2013.07.29,00:00,1432.0,1448.2,1421.8,1442.3,14300
2013.07.30,00:00,1442.3,1446.1,1430.5,1436.6,11671
2013.07.31,00:00,1436.7,1448.7,1417.6,1438.7,19569
2013.08.01,00:00,1438.7,1445.3,1433.3,1439.7,16010
2013.08.02,00:00,1439.3,1453.6,1415.8,1448.6,19251
2013.08.05,00:00,1445.4,1458.0,1440.2,1451.3,13708
2013.08.06,00:00,1451.0,1452.7,1422.5,1427.3,14890
2013.08.07,00:00,1427.3,1441.5,1416.8,1439.0,17585
2013.08.08,00:00,1439.0,1496.0,1435.2,1492.0,21560
2013.08.09,00:00,1491.6,1505.0,1484.1,1502.3,16165
2013.08.12,00:00,1504.9,1510.7,1493.5,1494.8,16053
2013.08.13,00:00,1494.8,1514.3,1493.0,1498.4,17326
2013.08.14,00:00,1498.4,1506.1,1485.2,1505.4,17109
2013.08.15,00:00,1505.5,1534.3,1500.3,1526.7,22396
2013.08.16,00:00,1526.8,1533.9,1515.3,1525.8,25545
2013.08.19,00:00,1524.6,1529.2,1505.4,1509.3,19019
2013.08.20,00:00,1509.3,1526.2,1496.5,1519.5,19314
2013.08.21,00:00,1519.7,1525.2,1507.3,1515.4,21939
2013.08.22,00:00,1515.3,1542.7,1504.4,1540.8,22628
2013.08.23,00:00,1541.1,1548.1,1536.1,1539.5,21093
2013.08.26,00:00,1543.4,1550.6,1531.0,1549.3,17322
2013.08.27,00:00,1549.4,1555.0,1522.5,1526.6,20237
2013.08.28,00:00,1526.9,1546.2,1515.9,1536.9,20551
2013.08.29,00:00,1537.1,1540.4,1518.6,1519.4,18579
2013.08.30,00:00,1519.6,1528.7,1510.0,1521.9,19567
2013.09.02,00:00,1523.7,1533.8,1511.9,1518.8,16880
2013.09.03,00:00,1519.5,1540.3,1517.8,1537.1,19768
2013.09.04,00:00,1537.2,1539.4,1490.0,1497.2,16572
2013.09.05,00:00,1497.4,1502.4,1472.8,1484.4,19284
2013.09.06,00:00,1484.9,1505.5,1477.6,1494.8,16886
2013.09.09,00:00,1495.4,1498.7,1480.7,1483.8,13923
2013.09.10,00:00,1483.7,1488.1,1470.8,1473.5,17089
2013.09.11,00:00,1473.2,1486.8,1467.9,1474.8,13750
2013.09.12,00:00,1475.0,1476.2,1436.4,1436.8,19825
2013.09.13,00:00,1436.4,1453.8,1425.8,1452.7,20017
2013.09.16,00:00,1455.4,1462.5,1432.5,1436.0,17035
2013.09.17,00:00,1435.8,1447.5,1418.7,1422.5,20528
2013.09.18,00:00,1422.7,1466.6,1411.4,1464.4,28967
2013.09.19,00:00,1464.5,1481.4,1459.3,1462.9,28624
2013.09.20,00:00,1462.9,1467.4,1427.6,1430.1,25384
2013.09.23,00:00,1430.0,1436.8,1419.8,1421.1,17051
2013.09.24,00:00,1421.3,1432.2,1415.9,1426.8,16244
2013.09.25,00:00,1426.8,1435.9,1422.2,1426.0,18120
2013.09.26,00:00,1425.9,1434.0,1408.6,1410.4,14495
2013.09.27,00:00,1410.4,1420.2,1396.6,1417.4,14853
2013.09.30,00:00,1422.8,1427.5,1401.4,1406.1,15317
2013.10.01,00:00,1406.4,1413.6,1374.8,1388.0,20678
2013.10.02,00:00,1388.2,1400.2,1378.6,1389.8,20640
2013.10.03,00:00,1390.1,1394.4,1365.9,1373.8,20300
2013.10.04,00:00,1374.0,1390.6,1371.8,1389.6,19518
2013.10.07,00:00,1392.2,1404.1,1384.2,1400.9,18592
2013.10.08,00:00,1401.0,1410.8,1396.8,1402.6,16234
2013.10.09,00:00,1402.9,1405.1,1377.4,1382.0,18968
2013.10.10,00:00,1382.1,1399.2,1379.1,1386.3,18311
2013.10.11,00:00,1386.3,1391.1,1362.0,1372.4,23782
2013.10.14,00:00,1374.5,1391.2,1365.9,1378.1,14362
2013.10.15,00:00,1378.6,1388.2,1360.9,1384.3,22956
2013.10.16,00:00,1384.5,1401.8,1378.4,1399.5,24440
2013.10.17,00:00,1399.4,1438.4,1393.0,1437.3,24109
2013.10.18,00:00,1437.5,1445.2,1428.7,1438.4,15713
2013.10.21,00:00,1435.0,1445.8,1431.5,1433.1,13068
2013.10.22,00:00,1433.0,1452.4,1426.0,1449.7,14323
2013.10.23,00:00,1449.9,1451.5,1433.3,1433.3,14482
2013.10.24,00:00,1433.3,1456.5,1431.6,1450.9,15307
2013.10.25,00:00,1451.2,1457.4,1439.8,1453.5,15380
2013.10.28,00:00,1454.8,1474.1,1449.5,1470.5,14305
2013.10.29,00:00,1470.4,1473.2,1459.1,1461.7,12363
2013.10.30,00:00,1461.8,1481.1,1452.3,1473.5,17499
2013.10.31,00:00,1473.8,1473.8,1446.5,1449.4,17001
2013.11.01,00:00,1449.6,1458.7,1445.4,1453.5,14744
2013.11.04,00:00,1450.8,1458.0,1447.1,1453.7,8371
2013.11.05,00:00,1453.6,1459.3,1447.8,1451.8,10551
2013.11.06,00:00,1451.9,1469.5,1449.4,1466.1,11389
2013.11.07,00:00,1466.1,1472.8,1452.2,1452.8,16128
2013.11.08,00:00,1453.1,1460.7,1438.3,1444.1,20396
2013.11.11,00:00,1443.8,1445.9,1425.1,1431.3,9072
2013.11.12,00:00,1431.4,1444.2,1430.3,1434.1,12179
2013.11.13,00:00,1434.1,1441.2,1427.9,1436.2,13254
2013.11.14,00:00,1436.2,1457.5,1431.1,1445.7,20103
2013.11.15,00:00,1445.6,1457.1,1432.3,1439.7,13513
2013.11.18,00:00,1439.9,1441.4,1409.8,1410.6,10505
2013.11.19,00:00,1410.6,1425.3,1404.8,1418.3,11733
2013.11.20,00:00,1418.3,1419.2,1391.8,1392.3,16401
2013.11.21,00:00,1392.3,1401.2,1388.4,1391.5,13042
2013.11.22,00:00,1391.4,1398.0,1380.9,1383.3,10645
2013.11.25,00:00,1381.1,1389.3,1374.2,1384.8,15666
2013.11.26,00:00,1384.8,1391.4,1368.2,1374.5,10101
2013.11.27,00:00,1374.4,1384.9,1350.7,1351.0,11353
2013.11.28,00:00,1351.0,1363.3,1350.8,1362.7,7606
2013.11.29,00:00,1357.8,1374.9,1354.8,1363.7,9817
2013.12.02,00:00,1363.1,1369.5,1336.2,1342.3,13276
2013.12.03,00:00,1342.0,1358.5,1341.0,1357.0,11177
2013.12.04,00:00,1356.9,1377.9,1345.6,1368.6,17092
2013.12.05,00:00,1368.5,1368.6,1352.7,1360.0,15311
2013.12.06,00:00,1360.0,1366.3,1344.8,1356.6,16541
2013.12.09,00:00,1358.8,1378.5,1354.2,1372.4,10370
2013.12.10,00:00,1372.4,1398.7,1369.1,1387.2,13153
2013.12.11,00:00,1387.3,1391.5,1380.9,1382.0,11329
2013.12.12,00:00,1381.9,1387.1,1358.9,1361.1,13561
2013.12.13,00:00,1361.1,1369.8,1356.2,1360.5,13212
2013.12.16,00:00,1360.1,1366.4,1349.4,1359.0,13745
2013.12.17,00:00,1359.0,1364.6,1343.1,1346.9,13283
2013.12.18,00:00,1346.6,1355.0,1329.9,1332.2,18122
2013.12.19,00:00,1332.1,1338.6,1311.4,1316.8,18281
2013.12.20,00:00,1316.8,1334.6,1314.4,1331.0,13557
2013.12.23,00:00,1333.0,1338.7,1325.1,1326.3,5348
2013.12.24,00:00,1326.5,1336.9,1323.3,1334.6,3786
2013.12.25,00:00,1335.9,1343.0,1335.9,1341.9,92
2013.12.26,00:00,1335.9,1369.3,1335.9,1357.7,4934
2013.12.27,00:00,1357.7,1379.9,1352.4,1376.8,11044
2013.12.30,00:00,1377.5,1379.6,1357.0,1358.9,7543
2013.12.31,00:00,1358.9,1374.6,1351.5,1373.8,6454
2014.01.01,00:00,1370.3,1376.8,1370.2,1376.6,243
2014.01.02,00:00,1370.3,1409.4,1370.2,1402.5,13596
2014.01.03,00:00,1402.2,1417.7,1400.3,1412.2,9967
2014.01.06,00:00,1413.9,1423.5,1394.6,1417.8,14803
2014.01.07,00:00,1418.2,1420.6,1407.9,1416.0,13680
2014.01.08,00:00,1416.0,1419.0,1403.4,1417.1,14245
2014.01.09,00:00,1417.1,1427.3,1412.4,1418.5,11203
2014.01.10,00:00,1418.5,1437.6,1416.1,1435.6,11366
2014.01.13,00:00,1438.0,1445.4,1432.7,1444.2,8292
2014.01.14,00:00,1444.1,1447.4,1426.2,1431.7,11346
2014.01.15,00:00,1431.7,1432.3,1414.9,1429.6,11477
2014.01.16,00:00,1429.5,1435.1,1418.0,1433.6,11252
2014.01.17,00:00,1433.5,1457.1,1431.3,1451.8,11277
2014.01.20,00:00,1452.6,1472.3,1452.6,1467.9,8224
2014.01.21,00:00,1466.4,1467.3,1436.8,1450.6,12393
2014.01.22,00:00,1450.6,1465.3,1447.3,1458.6,9934
2014.01.23,00:00,1458.6,1470.4,1441.9,1456.9,12932
2014.01.24,00:00,1456.8,1461.8,1422.6,1428.5,17006
2014.01.27,00:00,1429.1,1439.4,1406.9,1411.8,15525
2014.01.28,00:00,1411.8,1424.4,1403.9,1409.5,12188
2014.01.29,00:00,1409.5,1420.9,1403.8,1412.6,14163
2014.01.30,00:00,1412.6,1416.0,1379.8,1382.0,13837
2014.01.31,00:00,1382.0,1387.7,1363.9,1376.7,12615
2014.02.03,00:00,1375.8,1397.2,1374.3,1381.8,16001
2014.02.04,00:00,1381.8,1386.5,1361.3,1373.6,12463
2014.02.05,00:00,1373.5,1394.8,1372.0,1380.4,12496
2014.02.06,00:00,1380.4,1385.3,1370.2,1375.7,10012
2014.02.07,00:00,1375.6,1391.6,1374.1,1382.4,10602
2014.02.10,00:00,1383.1,1394.1,1378.7,1385.1,9825
2014.02.11,00:00,1385.5,1394.0,1379.8,1387.8,9427
2014.02.12,00:00,1387.5,1408.4,1384.8,1406.2,9249
2014.02.13,00:00,1406.1,1418.1,1394.2,1416.1,10849
2014.02.14,00:00,1416.2,1430.8,1411.9,1428.4,10872
2014.02.17,00:00,1428.5,1433.7,1422.9,1429.1,7827
2014.02.18,00:00,1430.1,1433.0,1415.8,1424.0,9510
2014.02.19,00:00,1424.1,1429.4,1412.0,1414.0,10178
2014.02.20,00:00,1414.1,1419.1,1406.4,1416.3,11952
2014.02.21,00:00,1416.3,1430.5,1413.4,1428.3,9174
2014.02.24,00:00,1427.5,1443.2,1420.0,1437.7,10826
2014.02.25,00:00,1437.6,1444.7,1424.9,1438.5,10344
2014.02.26,00:00,1438.5,1441.2,1424.9,1429.3,10400
2014.02.27,00:00,1429.0,1455.0,1420.3,1452.5,14239
2014.02.28,00:00,1452.2,1456.4,1441.5,1445.8,11797
2014.03.03,00:00,1450.9,1464.0,1447.7,1458.3,11731
2014.03.04,00:00,1458.2,1467.3,1442.0,1463.6,12067
2014.03.05,00:00,1463.7,1488.7,1456.2,1479.0,14045
2014.03.06,00:00,1479.0,1488.2,1473.9,1485.7,11351
2014.03.07,00:00,1485.7,1488.0,1472.8,1483.2,11193
2014.03.10,00:00,1481.0,1482.4,1465.6,1478.0,11290
2014.03.11,00:00,1478.1,1485.3,1455.5,1465.4,11709
2014.03.12,00:00,1465.4,1481.1,1457.8,1476.3,12147
2014.03.13,00:00,1476.4,1482.9,1469.4,1477.3,12337
2014.03.14,00:00,1477.4,1486.5,1467.8,1469.8,12563
2014.03.17,00:00,1472.3,1482.9,1465.7,1466.2,11764
2014.03.18,00:00,1465.3,1469.8,1449.4,1459.2,11959
2014.03.19,00:00,1459.2,1468.0,1446.3,1447.2,14831
2014.03.20,00:00,1446.9,1453.7,1423.9,1432.3,13754
2014.03.21,00:00,1432.3,1448.1,1430.8,1435.8,7325
2014.03.24,00:00,1435.2,1444.0,1427.0,1431.4,10709
2014.03.25,00:00,1431.1,1438.0,1421.4,1422.3,7059
2014.03.26,00:00,1422.2,1428.5,1402.1,1405.0,8457
2014.03.27,00:00,1404.8,1416.4,1395.2,1399.5,8559
2014.03.28,00:00,1399.6,1411.5,1398.5,1410.6,8907
2014.03.31,00:00,1411.4,1425.9,1409.9,1418.0,8382
2014.04.01,00:00,1417.9,1436.5,1415.2,1425.5,9798
2014.04.02,00:00,1425.5,1438.7,1424.3,1437.3,8163
2014.04.03,00:00,1437.4,1446.3,1433.7,1442.6,9256
2014.04.04,00:00,1442.7,1451.0,1436.2,1448.6,8634
2014.04.07,00:00,1448.3,1450.4,1426.6,1428.1,8910
2014.04.08,00:00,1428.0,1444.0,1426.7,1439.9,8699
2014.04.09,00:00,1439.9,1446.9,1434.9,1442.6,9209
2014.04.10,00:00,1442.6,1461.7,1440.9,1457.8,10803
2014.04.11,00:00,1457.5,1464.3,1451.4,1458.0,9291
2014.04.14,00:00,1462.8,1471.2,1462.1,1466.3,8116
2014.04.15,00:00,1465.8,1467.9,1430.1,1440.7,12508
2014.04.16,00:00,1440.8,1446.0,1434.1,1437.6,13029
2014.04.17,00:00,1437.6,1441.9,1411.0,1413.8,13157
2014.04.18,00:00,1413.8,1414.4,1412.8,1414.4,46
2014.04.21,00:00,1414.5,1417.9,1399.4,1401.5,12401
2014.04.22,00:00,1402.0,1413.1,1394.8,1400.9,9406
2014.04.23,00:00,1400.9,1407.2,1397.8,1405.0,10632
2014.04.24,00:00,1405.5,1415.3,1387.9,1413.5,13632
2014.04.25,00:00,1413.4,1430.0,1410.9,1423.9,11272
2014.04.28,00:00,1426.4,1431.7,1414.1,1418.6,11757
2014.04.29,00:00,1418.6,1436.5,1410.9,1430.1,8791
2014.04.30,00:00,1430.2,1430.9,1419.5,1426.3,13612
2014.05.01,00:00,1425.8,1428.9,1411.8,1425.1,12525
2014.05.02,00:00,1425.1,1444.7,1418.5,1438.8,14714
2014.05.05,00:00,1440.5,1454.4,1438.1,1451.5,8300
2014.05.06,00:00,1451.0,1459.0,1446.5,1455.8,8981
2014.05.07,00:00,1455.9,1458.3,1432.9,1434.4,13327
2014.05.08,00:00,1434.3,1443.4,1425.5,1437.3,12911
2014.05.09,00:00,1437.3,1439.2,1426.4,1430.8,10935
2014.05.12,00:00,1429.7,1445.1,1422.5,1438.6,11216
2014.05.13,00:00,1438.6,1461.2,1435.3,1455.0,12542
2014.05.14,00:00,1455.0,1487.0,1451.8,1483.1,13229
2014.05.15,00:00,1483.1,1483.5,1466.3,1466.9,14513
2014.05.16,00:00,1466.9,1474.6,1461.0,1466.2,9359
2014.05.19,00:00,1465.0,1485.7,1464.2,1470.2,7671
2014.05.20,00:00,1470.2,1479.2,1466.3,1469.7,11279
2014.05.21,00:00,1469.8,1484.0,1469.2,1476.3,12458
2014.05.22,00:00,1476.2,1496.7,1473.0,1491.8,10255
2014.05.23,00:00,1491.9,1492.2,1465.2,1474.4,10900
2014.05.26,00:00,1475.9,1483.2,1475.1,1481.6,4292
2014.05.27,00:00,1480.6,1481.6,1461.4,1465.5,9607
2014.05.28,00:00,1465.6,1468.5,1451.0,1453.2,12301
2014.05.29,00:00,1453.2,1463.4,1446.4,1460.1,10781
2014.05.30,00:00,1460.1,1468.8,1447.5,1453.0,11318
2014.06.02,00:00,1452.0,1452.5,1434.8,1436.5,9044
2014.06.03,00:00,1437.2,1442.8,1428.5,1430.6,7314
2014.06.04,00:00,1430.7,1441.1,1421.2,1439.1,8990
2014.06.05,00:00,1439.2,1447.1,1425.6,1446.2,8800
2014.06.06,00:00,1446.2,1457.3,1442.6,1452.8,9984
2014.06.09,00:00,1453.0,1456.2,1444.4,1453.1,6482
2014.06.10,00:00,1453.2,1484.6,1451.2,1481.9,10842
2014.06.11,00:00,1482.0,1487.9,1474.7,1483.7,9333
2014.06.12,00:00,1483.7,1485.0,1436.2,1443.9,15264
2014.06.13,00:00,1444.0,1456.8,1432.9,1434.7,12246
2014.06.16,00:00,1436.9,1445.2,1435.5,1435.5,9524
2014.06.17,00:00,1435.6,1443.5,1426.2,1441.9,7357
2014.06.18,00:00,1442.0,1463.7,1438.3,1451.2,8085
2014.06.19,00:00,1451.4,1474.9,1449.9,1471.9,10005
2014.06.20,00:00,1471.9,1474.0,1451.9,1457.8,10709
2014.06.23,00:00,1456.3,1458.0,1441.0,1456.8,9818
2014.06.24,00:00,1456.8,1475.3,1450.2,1469.5,9617
2014.06.25,00:00,1469.7,1476.4,1454.7,1473.6,6850
2014.06.26,00:00,1473.7,1474.7,1461.0,1470.4,6711
2014.06.27,00:00,1470.4,1485.7,1467.9,1478.1,7220
2014.06.30,00:00,1475.9,1491.0,1474.2,1488.0,6945
2014.07.01,00:00,1488.0,1515.4,1483.3,1512.4,8376
2014.07.02,00:00,1512.6,1522.7,1500.8,1511.0,8498
2014.07.03,00:00,1511.0,1511.8,1494.3,1501.2,8651
2014.07.04,00:00,1501.3,1508.3,1494.6,1502.5,3842
2014.07.07,00:00,1503.1,1507.3,1492.1,1497.4,6354
2014.07.08,00:00,1497.6,1509.0,1493.5,1499.7,6631
2014.07.09,00:00,1499.6,1513.6,1497.8,1507.1,8550
2014.07.10,00:00,1507.1,1523.2,1506.8,1514.8,10237
2014.07.11,00:00,1515.4,1517.3,1507.4,1514.6,8093
2014.07.14,00:00,1515.6,1515.9,1491.8,1496.3,9323
2014.07.15,00:00,1496.4,1502.8,1482.1,1484.4,9764
2014.07.16,00:00,1484.3,1491.6,1480.8,1484.8,7967
2014.07.17,00:00,1485.2,1508.6,1484.8,1503.4,9395
2014.07.18,00:00,1503.3,1508.7,1487.6,1491.5,8542
2014.07.21,00:00,1490.8,1500.5,1487.8,1492.3,4717
2014.07.22,00:00,1492.4,1493.9,1484.0,1489.0,8570
2014.07.23,00:00,1489.0,1492.7,1482.5,1485.0,6743
2014.07.24,00:00,1485.0,1486.5,1466.4,1471.3,9083
2014.07.25,00:00,1471.4,1481.3,1470.0,1480.2,6518
2014.07.28,00:00,1479.2,1494.1,1478.5,1490.8,7102
2014.07.29,00:00,1490.9,1493.0,1481.1,1482.5,9426
2014.07.30,00:00,1482.7,1487.5,1477.8,1482.6,7965
2014.07.31,00:00,1482.7,1483.5,1462.3,1463.3,7933
2014.08.01,00:00,1463.2,1469.4,1456.7,1464.5,9627
2014.08.04,00:00,1464.2,1471.6,1461.0,1464.5,6622
2014.08.05,00:00,1464.1,1469.2,1450.9,1455.3,9094
2014.08.06,00:00,1455.4,1466.4,1451.3,1464.3,8146
2014.08.07,00:00,1464.3,1482.1,1464.3,1480.5,8660
2014.08.08,00:00,1480.6,1488.1,1475.0,1477.1,9044
2014.08.11,00:00,1478.6,1478.9,1470.0,1471.3,5322
2014.08.12,00:00,1471.4,1477.3,1467.3,1471.0,5419
2014.08.13,00:00,1470.4,1476.6,1463.3,1470.5,5269
2014.08.14,00:00,1470.6,1474.7,1464.9,1468.2,6421
2014.08.15,00:00,1468.2,1469.2,1446.8,1457.6,8754
2014.08.18,00:00,1455.7,1458.2,1445.0,1445.6,7022
2014.08.19,00:00,1445.6,1451.6,1437.3,1439.0,6118
2014.08.20,00:00,1439.1,1442.4,1425.3,1428.7,7601
2014.08.21,00:00,1428.7,1430.5,1414.6,1419.2,8083
2014.08.22,00:00,1419.3,1425.9,1415.9,1421.1,5795
2014.08.25,00:00,1418.8,1423.3,1415.4,1417.5,4284
2014.08.26,00:00,1417.5,1427.3,1413.9,1417.1,7425
2014.08.27,00:00,1417.2,1425.1,1416.8,1418.3,5542
2014.08.28,00:00,1417.9,1430.9,1417.8,1424.8,7234
2014.08.29,00:00,1424.8,1428.1,1422.3,1424.3,4761
2014.09.01,00:00,1424.2,1426.0,1420.4,1423.8,2707
2014.09.02,00:00,1422.6,1429.6,1407.9,1409.6,7305
2014.09.03,00:00,1409.9,1414.1,1404.2,1411.3,6850
2014.09.04,00:00,1412.2,1416.7,1404.6,1404.9,8496
2014.09.05,00:00,1405.0,1412.3,1403.3,1410.5,6815
2014.09.08,00:00,1413.2,1414.1,1396.6,1399.0,6467
2014.09.09,00:00,1399.1,1402.1,1383.0,1387.5,8748
2014.09.10,00:00,1387.6,1391.4,1378.9,1382.6,7859
2014.09.11,00:00,1382.7,1383.8,1367.8,1371.2,8276
2014.09.12,00:00,1371.3,1372.5,1356.0,1368.7,8452
2014.09.15,00:00,1368.7,1376.0,1361.2,1362.2,5517
2014.09.16,00:00,1362.2,1370.5,1360.3,1366.9,7733
2014.09.17,00:00,1366.8,1370.7,1349.2,1351.7,8294
2014.09.18,00:00,1351.8,1352.0,1340.8,1346.8,7790
2014.09.19,00:00,1346.6,1353.5,1334.0,1335.7,9863
2014.09.22,00:00,1335.6,1339.0,1326.5,1326.5,8911
2014.09.23,00:00,1326.6,1349.7,1326.6,1332.5,8615
2014.09.24,00:00,1332.5,1342.3,1317.3,1318.6,8755
2014.09.25,00:00,1318.7,1319.1,1300.0,1314.0,11791
2014.09.26,00:00,1314.0,1320.8,1299.0,1301.4,7689
2014.09.29,00:00,1298.8,1310.4,1296.8,1307.6,6939
2014.09.30,00:00,1307.7,1312.1,1299.2,1300.9,7978
2014.10.01,00:00,1300.8,1304.9,1263.3,1283.6,14431
2014.10.02,00:00,1283.6,1294.3,1264.1,1269.2,11490
2014.10.03,00:00,1268.3,1272.8,1222.0,1225.7,12481
2014.10.06,00:00,1217.3,1249.2,1186.2,1245.6,14064
2014.10.07,00:00,1245.7,1268.6,1240.1,1258.2,10049
2014.10.08,00:00,1258.7,1283.7,1258.1,1279.7,9741
2014.10.09,00:00,1279.7,1293.9,1271.3,1274.5,8943
2014.10.10,00:00,1274.6,1275.2,1255.8,1261.6,8189
2014.10.13,00:00,1266.5,1275.2,1254.9,1263.0,5987
2014.10.14,00:00,1263.1,1277.5,1262.1,1265.7,6962
2014.10.15,00:00,1265.8,1280.5,1247.1,1261.8,12697
2014.10.16,00:00,1261.9,1264.8,1239.2,1247.2,10005
2014.10.17,00:00,1247.2,1263.9,1245.8,1261.7,6634
2014.10.20,00:00,1260.3,1274.4,1257.1,1266.5,8319
2014.10.21,00:00,1266.6,1285.3,1262.6,1280.4,8590
2014.10.22,00:00,1280.4,1283.5,1262.1,1262.6,6506
2014.10.23,00:00,1262.4,1270.1,1246.3,1256.1,8993
2014.10.24,00:00,1256.2,1262.0,1247.3,1250.4,7893
2014.10.27,00:00,1251.8,1258.8,1248.0,1257.0,6137
2014.10.28,00:00,1255.5,1272.4,1251.4,1266.6,6675
2014.10.29,00:00,1266.6,1276.4,1257.1,1261.0,7070
2014.10.30,00:00,1261.0,1262.0,1239.8,1245.3,9883
2014.10.31,00:00,1245.3,1249.0,1220.6,1235.8,14867
2014.11.03,00:00,1229.2,1244.8,1223.0,1238.5,6927
2014.11.04,00:00,1238.5,1240.4,1217.7,1223.4,11253
2014.11.05,00:00,1223.3,1225.6,1196.3,1203.8,11643
2014.11.06,00:00,1203.9,1213.3,1193.0,1194.2,12498
2014.11.07,00:00,1194.3,1219.3,1188.3,1215.8,12983
2014.11.10,00:00,1213.0,1220.8,1193.5,1196.9,11435
2014.11.11,00:00,1197.0,1211.5,1191.0,1202.6,9878
2014.11.12,00:00,1202.3,1210.9,1199.2,1202.7,9751
2014.11.13,00:00,1202.7,1206.5,1192.6,1195.7,8951
2014.11.14,00:00,1195.7,1216.2,1177.4,1213.8,14445
2014.11.17,00:00,1208.6,1214.1,1197.3,1200.7,12296
2014.11.18,00:00,1200.8,1216.0,1198.0,1205.1,9744
2014.11.19,00:00,1205.1,1209.3,1180.9,1187.8,13607
2014.11.20,00:00,1187.8,1213.2,1182.0,1211.8,11669
2014.11.21,00:00,1211.7,1234.3,1206.0,1226.3,16657
2014.11.24,00:00,1224.4,1228.7,1200.0,1203.5,7270
2014.11.25,00:00,1203.5,1226.0,1201.9,1223.3,13038
2014.11.26,00:00,1223.3,1230.2,1218.8,1226.8,10554
2014.11.27,00:00,1227.5,1229.2,1213.6,1216.0,8253
2014.11.28,00:00,1214.9,1220.0,1199.8,1199.8,11150
2014.12.01,00:00,1194.8,1247.1,1182.3,1238.9,19356
2014.12.02,00:00,1238.8,1239.3,1212.2,1216.3,13487
2014.12.03,00:00,1216.3,1233.4,1212.8,1225.7,11126
2014.12.04,00:00,1225.8,1246.1,1222.8,1237.3,13125
2014.12.05,00:00,1237.5,1240.0,1218.8,1223.9,14201
2014.12.08,00:00,1220.0,1237.5,1219.5,1233.3,11268
2014.12.09,00:00,1233.3,1255.9,1223.0,1246.5,15201
2014.12.10,00:00,1246.4,1254.1,1239.2,1240.9,14293
2014.12.11,00:00,1239.4,1252.2,1231.1,1240.0,13063
2014.12.12,00:00,1240.1,1244.0,1225.4,1228.7,12015
2014.12.15,00:00,1231.4,1231.7,1206.8,1208.8,13490
2014.12.16,00:00,1209.6,1227.0,1194.8,1197.1,15207
2014.12.17,00:00,1197.1,1206.2,1189.0,1191.8,13029
2014.12.18,00:00,1191.6,1214.5,1191.4,1199.5,13782
2014.12.19,00:00,1199.5,1203.2,1195.0,1196.7,9324
2014.12.22,00:00,1196.1,1204.0,1175.9,1181.3,10902
2014.12.23,00:00,1181.4,1194.8,1179.8,1191.8,7027
2014.12.24,00:00,1191.9,1193.8,1186.3,1189.3,5548
2014.12.26,00:00,1191.1,1220.1,1190.4,1216.1,5375
2014.12.29,00:00,1217.1,1220.7,1194.6,1201.4,8575
2014.12.30,00:00,1200.3,1223.3,1198.9,1218.3,8620
2014.12.31,00:00,1218.3,1220.2,1203.1,1215.1,4732
2015.01.02,00:00,1209.8,1215.0,1187.4,1201.5,9251
2015.01.05,00:00,1203.2,1218.7,1196.9,1212.9,15687
2015.01.06,00:00,1212.7,1228.9,1208.8,1221.8,17136
2015.01.07,00:00,1221.8,1224.6,1214.1,1219.0,10901
2015.01.08,00:00,1219.0,1227.5,1215.6,1218.8,9708
2015.01.09,00:00,1218.7,1231.8,1217.3,1231.1,13598
2015.01.12,00:00,1232.5,1246.1,1226.7,1242.0,8328
2015.01.13,00:00,1242.2,1248.9,1237.1,1240.2,13336
2015.01.14,00:00,1240.3,1248.3,1227.3,1233.0,17401
2015.01.15,00:00,1233.0,1266.6,1229.8,1259.3,21748
2015.01.16,00:00,1259.3,1271.9,1254.0,1267.6,16002
2015.01.19,00:00,1272.1,1272.1,1261.8,1266.3,7802
2015.01.20,00:00,1264.7,1288.5,1260.8,1283.5,14187
2015.01.21,00:00,1283.4,1289.2,1270.3,1273.1,14842
2015.01.22,00:00,1273.1,1289.8,1269.8,1285.1,14414
2015.01.23,00:00,1285.0,1286.2,1265.3,1268.2,13335
2015.01.26,00:00,1269.3,1278.5,1246.9,1252.2,12476
2015.01.27,00:00,1252.1,1271.0,1247.8,1263.9,9086
2015.01.28,00:00,1264.0,1267.4,1251.8,1254.6,10050
2015.01.29,00:00,1254.6,1258.3,1212.3,1221.3,15282
2015.01.30,00:00,1221.4,1243.4,1217.3,1240.5,15115
2015.02.02,00:00,1238.0,1241.5,1223.3,1227.6,12856
2015.02.03,00:00,1227.6,1242.3,1222.6,1235.2,13382
2015.02.04,00:00,1235.3,1247.2,1231.1,1241.5,11461
2015.02.05,00:00,1241.5,1257.2,1230.2,1254.2,12005
2015.02.06,00:00,1254.3,1258.2,1219.8,1224.3,14128
2015.02.09,00:00,1225.0,1231.0,1209.8,1218.2,9830
2015.02.10,00:00,1218.2,1225.2,1204.3,1207.9,10605
2015.02.11,00:00,1208.0,1213.7,1192.8,1193.3,9497
2015.02.12,00:00,1193.4,1206.8,1193.2,1198.8,13221
2015.02.13,00:00,1198.9,1214.4,1196.4,1207.3,9105
2015.02.16,00:00,1209.2,1217.2,1204.1,1206.6,6599
2015.02.17,00:00,1208.2,1209.9,1168.3,1176.4,11304
2015.02.18,00:00,1176.5,1183.1,1162.8,1172.7,11743
2015.02.19,00:00,1172.6,1184.5,1163.8,1170.8,11145
2015.02.20,00:00,1170.8,1174.9,1156.2,1163.3,11843
2015.02.23,00:00,1163.9,1172.3,1155.3,1163.2,9982
2015.02.24,00:00,1163.2,1168.8,1155.8,1163.2,10087
2015.02.25,00:00,1163.1,1177.0,1163.1,1170.0,10111
2015.02.26,00:00,1170.7,1191.8,1170.4,1173.3,11052
2015.02.27,00:00,1173.2,1191.1,1166.8,1187.2,10134
2015.03.02,00:00,1184.0,1193.3,1182.5,1188.3,11536
2015.03.03,00:00,1188.3,1196.5,1177.3,1184.8,13215
2015.03.04,00:00,1185.1,1188.2,1174.9,1181.8,10660
2015.03.05,00:00,1181.8,1192.3,1177.7,1178.4,9260
2015.03.06,00:00,1178.4,1182.9,1156.5,1158.6,12561
2015.03.09,00:00,1159.0,1160.5,1146.0,1146.8,9612
2015.03.10,00:00,1147.0,1150.9,1127.8,1128.9,15060
2015.03.11,00:00,1128.9,1136.3,1113.4,1118.3,12230
2015.03.12,00:00,1118.4,1131.5,1112.1,1115.9,10864
2015.03.13,00:00,1116.0,1124.1,1112.7,1116.3,9119
2015.03.16,00:00,1117.6,1121.3,1104.8,1106.4,7734
2015.03.17,00:00,1106.4,1108.9,1086.8,1093.8,10172
2015.03.18,00:00,1093.8,1121.6,1087.3,1115.4,11107
2015.03.19,00:00,1115.5,1132.1,1110.8,1122.2,14921
2015.03.20,00:00,1122.3,1143.0,1118.6,1136.8,10736
2015.03.23,00:00,1137.2,1148.8,1133.4,1146.2,9863
2015.03.24,00:00,1146.2,1147.4,1131.8,1138.1,8415
2015.03.25,00:00,1138.1,1150.7,1134.2,1143.1,9200
2015.03.26,00:00,1143.1,1162.4,1140.6,1152.4,10426
2015.03.27,00:00,1152.3,1153.7,1136.3,1137.8,9588
2015.03.30,00:00,1138.3,1139.9,1114.0,1119.9,10830
2015.03.31,00:00,1119.9,1143.9,1114.4,1141.3,11027
2015.04.01,00:00,1141.5,1168.3,1132.4,1162.9,12802
2015.04.02,00:00,1163.1,1165.0,1149.7,1155.4,11044
2015.04.03,00:00,1155.4,1157.0,1153.6,1154.7,136
2015.04.06,00:00,1168.4,1187.1,1166.4,1176.6,10229
2015.04.07,00:00,1176.7,1177.6,1164.1,1172.8,8165
2015.04.08,00:00,1172.9,1177.3,1160.4,1165.3,11762
2015.04.09,00:00,1165.3,1166.2,1154.6,1155.6,9910
2015.04.10,00:00,1155.6,1176.9,1154.6,1171.9,11687
2015.04.13,00:00,1173.3,1174.5,1148.5,1151.9,13214
2015.04.14,00:00,1152.0,1159.9,1140.6,1152.0,15737
2015.04.15,00:00,1151.9,1164.0,1146.2,1161.1,14628
2015.04.16,00:00,1161.0,1174.1,1152.9,1159.8,17494
2015.04.17,00:00,1159.7,1171.8,1158.0,1171.4,14451
2015.04.20,00:00,1171.9,1173.5,1143.3,1147.7,10296
2015.04.21,00:00,1147.7,1158.8,1144.6,1148.7,11208
2015.04.22,00:00,1148.8,1151.5,1128.1,1129.2,12717
2015.04.23,00:00,1129.1,1139.2,1125.7,1135.6,12807
2015.04.24,00:00,1135.7,1137.5,1117.7,1123.1,11998
2015.04.27,00:00,1123.9,1153.9,1117.0,1147.1,14480
2015.04.28,00:00,1147.0,1160.3,1139.8,1156.5,14374
2015.04.29,00:00,1156.3,1162.1,1150.5,1154.1,12717
2015.04.30,00:00,1154.1,1155.5,1130.4,1143.4,16942
2015.05.01,00:00,1143.4,1144.7,1125.6,1130.5,12839
2015.05.04,00:00,1128.7,1153.5,1127.4,1146.5,8543
2015.05.05,00:00,1146.5,1156.6,1141.3,1145.3,9485
2015.05.06,00:00,1145.4,1149.9,1135.5,1143.7,9490
2015.05.07,00:00,1143.7,1146.3,1129.6,1130.6,11397
2015.05.08,00:00,1130.9,1144.8,1129.8,1141.1,11388
2015.05.11,00:00,1141.3,1142.8,1121.8,1125.1,8892
2015.05.12,00:00,1125.2,1140.7,1124.6,1132.5,9205
2015.05.13,00:00,1132.5,1152.5,1129.4,1148.3,11567
2015.05.14,00:00,1148.3,1165.6,1146.0,1158.2,10217
2015.05.15,00:00,1158.3,1172.1,1150.2,1167.8,13112
2015.05.18,00:00,1168.0,1178.9,1163.4,1176.9,11919
2015.05.19,00:00,1176.4,1176.8,1146.8,1149.9,14018
2015.05.20,00:00,1149.9,1159.8,1147.4,1156.0,13259
2015.05.21,00:00,1155.9,1158.9,1144.8,1154.1,11922
2015.05.22,00:00,1154.1,1161.0,1143.8,1146.1,12446
2015.05.25,00:00,1145.1,1151.6,1143.3,1149.7,4174
2015.05.26,00:00,1149.1,1150.2,1122.5,1124.1,12969
2015.05.27,00:00,1124.1,1130.6,1114.9,1118.0,10370
2015.05.28,00:00,1118.0,1126.6,1108.1,1116.0,10432
2015.05.29,00:00,1116.0,1119.1,1110.3,1111.5,11370
2015.06.01,00:00,1111.6,1123.3,1102.4,1102.7,13079
2015.06.02,00:00,1102.7,1114.1,1100.5,1111.9,13592
2015.06.03,00:00,1111.9,1116.3,1099.9,1102.6,13031
2015.06.04,00:00,1102.6,1108.4,1094.4,1099.1,14398
2015.06.05,00:00,1099.2,1101.0,1087.8,1094.9,13324
2015.06.08,00:00,1094.1,1103.2,1093.4,1101.6,10034
2015.06.09,00:00,1101.6,1114.4,1100.6,1106.7,8808
2015.06.10,00:00,1106.7,1118.8,1105.0,1113.6,11644
2015.06.11,00:00,1113.6,1116.5,1100.9,1106.8,10072
2015.06.12,00:00,1106.8,1108.0,1093.6,1094.0,8588
2015.06.15,00:00,1096.7,1098.5,1076.4,1086.1,11179
2015.06.16,00:00,1086.1,1093.6,1077.6,1079.2,7295
2015.06.17,00:00,1079.1,1085.6,1071.1,1080.7,9987
2015.06.18,00:00,1080.7,1095.2,1078.4,1081.8,10527
2015.06.19,00:00,1081.9,1088.5,1081.3,1083.7,6430
2015.06.22,00:00,1085.0,1085.1,1058.1,1060.6,9004
2015.06.23,00:00,1060.8,1074.4,1059.2,1064.9,9613
2015.06.24,00:00,1066.1,1075.8,1064.1,1075.7,6848
2015.06.25,00:00,1075.5,1084.5,1071.4,1083.3,7299
2015.06.26,00:00,1083.2,1086.5,1070.6,1083.4,7829
2015.06.29,00:00,1090.4,1096.3,1067.8,1081.5,12508
2015.06.30,00:00,1081.6,1086.4,1074.9,1079.3,12745
2015.07.01,00:00,1079.6,1090.2,1078.4,1082.4,8697
2015.07.02,00:00,1082.2,1087.0,1074.1,1084.2,8982
2015.07.03,00:00,1084.1,1086.4,1081.4,1082.0,5170
2015.07.06,00:00,1081.4,1085.5,1048.4,1063.7,10635
2015.07.07,00:00,1063.7,1069.0,1026.8,1039.1,15184
2015.07.08,00:00,1038.8,1039.2,1010.1,1031.4,18363
2015.07.09,00:00,1031.5,1040.7,1020.4,1023.3,14678
2015.07.10,00:00,1023.3,1038.7,1021.3,1032.1,11261
2015.07.13,00:00,1032.7,1037.3,1020.6,1033.9,13565
2015.07.14,00:00,1033.4,1035.8,1025.1,1026.2,9613
2015.07.15,00:00,1025.7,1031.0,1013.7,1021.5,9517
2015.07.16,00:00,1021.6,1022.3,1005.4,1010.4,10521
2015.07.17,00:00,1010.4,1010.4,992.5,992.9,8923
2015.07.20,00:00,995.5,996.4,946.1,977.5,13949
2015.07.21,00:00,977.7,992.8,965.4,978.1,13321
2015.07.22,00:00,978.2,979.8,961.1,979.7,12489
2015.07.23,00:00,979.8,998.7,973.0,977.2,12481
2015.07.24,00:00,977.3,989.8,968.5,986.8,14591
2015.07.27,00:00,984.8,991.9,975.3,981.8,13816
2015.07.28,00:00,981.8,986.5,976.1,984.1,10621
2015.07.29,00:00,984.0,990.1,976.9,986.0,11018
2015.07.30,00:00,985.4,993.7,977.9,988.6,11440
2015.07.31,00:00,988.6,995.0,973.0,983.0,12734
2015.08.03,00:00,982.1,985.6,956.9,961.4,11652
2015.08.04,00:00,961.5,962.4,944.8,953.8,11632
2015.08.05,00:00,954.0,955.5,946.4,948.9,9962
2015.08.06,00:00,949.2,957.2,945.3,950.9,7786
2015.08.07,00:00,950.8,965.7,945.7,962.3,11376
2015.08.10,00:00,961.1,991.1,955.9,986.0,10947
2015.08.11,00:00,986.1,1000.9,974.5,986.4,15658
2015.08.12,00:00,986.2,1006.2,978.0,1000.2,14677
2015.08.13,00:00,1000.3,1002.2,987.4,992.5,11042
2015.08.14,00:00,992.4,1003.0,985.8,991.7,10476
2015.08.17,00:00,991.4,1000.6,988.7,998.5,8890
2015.08.18,00:00,998.5,1000.5,980.4,994.6,11218
2015.08.19,00:00,994.7,1016.0,987.8,1014.4,13228
2015.08.20,00:00,1014.4,1035.1,1011.5,1031.9,12955
2015.08.21,00:00,1031.9,1037.5,1014.7,1018.4,16869
2015.08.24,00:00,1024.9,1028.1,975.4,990.9,30643
2015.08.25,00:00,991.3,1001.4,969.7,976.5,25852
2015.08.26,00:00,976.5,986.8,969.7,981.5,18930
2015.08.27,00:00,981.5,1008.3,981.5,999.6,14476
2015.08.28,00:00,999.6,1025.6,998.0,1017.6,18278
2015.08.31,00:00,1014.8,1016.2,998.5,1009.2,12431
2015.09.01,00:00,1009.2,1016.6,998.0,1002.6,16292
2015.09.02,00:00,1002.7,1017.0,1000.1,1014.9,14878
2015.09.03,00:00,1014.8,1022.8,1002.2,1006.5,15012
2015.09.04,00:00,1006.5,1010.1,989.6,990.0,15034
2015.09.07,00:00,991.8,994.7,979.5,988.3,9570
2015.09.08,00:00,988.1,1011.1,985.7,1003.3,11470
2015.09.09,00:00,1002.9,1010.2,979.4,981.4,12825
2015.09.10,00:00,981.4,991.8,976.7,980.8,13633
2015.09.11,00:00,980.6,985.8,958.7,970.0,11809
2015.09.14,00:00,967.4,973.0,951.6,954.3,11158
2015.09.15,00:00,954.3,963.2,948.8,962.8,9730
2015.09.16,00:00,962.9,976.0,955.7,972.8,9297
2015.09.17,00:00,972.6,987.6,960.0,984.2,11880
2015.09.18,00:00,984.3,990.2,972.0,981.3,10940
2015.09.21,00:00,975.3,983.9,969.0,970.8,6002
2015.09.22,00:00,970.9,972.9,934.7,935.4,8423
2015.09.23,00:00,936.0,945.9,926.9,931.4,8312
2015.09.24,00:00,933.5,958.8,931.5,954.8,14012
2015.09.25,00:00,951.2,954.0,943.3,946.7,13237
2015.09.28,00:00,949.4,951.2,915.9,918.0,13507
2015.09.29,00:00,916.4,921.0,898.9,917.2,12773
2015.09.30,00:00,918.0,927.7,905.9,907.1,12290
2015.10.01,00:00,908.1,917.4,900.5,904.5,9966
2015.10.02,00:00,904.0,914.7,892.8,910.0,13138
2015.10.05,00:00,910.4,926.5,906.6,914.4,12007
2015.10.06,00:00,913.9,942.9,912.9,936.1,9670
2015.10.07,00:00,936.7,954.6,935.8,946.4,10696
2015.10.08,00:00,945.5,957.9,932.6,949.0,13673
2015.10.09,00:00,949.5,985.8,945.7,982.4,13307
2015.10.12,00:00,980.9,1002.0,977.5,996.7,10619
2015.10.13,00:00,996.7,998.4,978.4,989.4,11961
2015.10.14,00:00,991.6,1000.9,985.1,998.6,11975
2015.10.15,00:00,999.8,1007.3,986.6,1004.8,12750
2015.10.16,00:00,1004.9,1015.0,995.7,1014.2,8545
